Label,Id,cluster,degree,betweenness,closeness,eigenvector,abundance,phylum
Sutterella,1,1,0.0106382978723404,0,0.526809422838106,0.105145578237272,70,Pseudomonadota
Gemmiger_A_73129,2,2,0.0372340425531915,0.167105263157895,0.620745528937971,0.000615809107154316,16191,Bacillota_A_368345
Methanobrevibacter_A,3,3,0.0159574468085106,0.00131578947368421,0.456678003264996,0.0191957044452006,2785,Methanobacteriota_A_1229
Bacteroides_H_857956,4,1,0.122340425531915,0.0964912280701754,0.872304421153168,0.912476721080401,30354,Bacteroidota
Bifidobacterium_388775,5,2,0.0957446808510638,0.0212719298245614,0.756596131269496,0.000723536758538682,20069,Actinomycetota
Enterococcus_B,6,2,0.0159574468085106,0,0.500668339442893,9.32002165287448e-05,2244,Bacillota_I
Eubacterium_G_180878,7,1,0.0372340425531915,0.239035087719298,0.684093659358962,0.165705972011741,477,Bacillota_A_368345
1_Christensenellales(O),8,1,0.0319148936170213,0,0.615372605200365,0.320343156087029,298,Bacillota_A_368345
Gemella,9,2,0.0159574468085106,0,0.514514034980712,0.000135509338463771,136,Bacillota_I
Granulicatella,10,2,0.00531914893617021,0,0.474481785570242,4.59513792604773e-05,131,Bacillota_I
Streptococcus,11,2,0.117021276595745,0.134649122807018,0.762154212096821,0.000626751413362897,5768,Bacillota_I
Veillonella_A,12,1,0.0319148936170213,0.0425438596491228,0.517075978527714,0.0131144081924089,3190,Bacillota_C
Collinsella,13,2,0.0478723404255319,0.0388157894736842,0.635505541277395,0.000361179000426304,3919,Actinomycetota
Turicibacter,14,2,0.0372340425531915,0,0.576467721857496,0.000298437551082687,661,Bacillota_I
1_Eggerthellaceae(F),15,0,0,0,0,0,62,Actinomycetota
Ruminococcus_E,16,2,0.0319148936170213,0,0.568638242922501,0.000259415261518742,8912,Bacillota_A_368345
Faecalibacillus,17,2,0.0585106382978723,0.325,0.697611308733064,0.00143069764776757,2139,Bacillota_I
Thomasclavelia,18,2,0.0372340425531915,0.0410087719298246,0.542099307701802,0.000134500879121131,584,Bacillota_I
Coprobacillus,19,1,0.0106382978723404,0,0.537770517539874,0.129567673158798,69,Bacillota_I
Alistipes_A_871400,20,1,0.117021276595745,0.0745614035087719,0.857665152700388,1,10527,Bacteroidota
Eggerthella,21,2,0.0425531914893617,0,0.588975448354477,0.000332117314130812,397,Actinomycetota
Akkermansia,22,6,0.00531914893617021,0,0.372007254201463,0.00193082469316551,48164,Verrucomicrobiota
Faecalibacterium,23,1,0.0212765957446809,0.0548245614035088,0.575602607265848,0.0182300963215642,11091,Bacillota_A_368345
Blautia_A_141781,24,2,0.0851063829787234,0.141666666666667,0.756363059752805,0.000722814270920893,5858,Bacillota_A_368345
1_CAG-508(F),25,3,0.0265957446808511,0.0530701754385965,0.576830348443541,0.10180988181066,1891,Bacillota_A_368345
CAG-269,26,1,0.0265957446808511,0.000657894736842105,0.608838930646358,0.186503689410524,863,Bacillota_A_368345
Hominicoprocola,27,1,0.0957446808510638,0.111184210526316,0.775766767132856,0.627842912414794,1594,Bacillota_A_368345
Odoribacter_865974,28,1,0.0585106382978723,0.00131578947368421,0.696638209013609,0.608597918821877,389,Bacteroidota
Phocaeicola_A,29,1,0.111702127659574,0.182675438596491,0.86804254882103,0.926305009170914,20341,Bacteroidota
1_Oscillospiraceae_88309(F),30,1,0.0372340425531915,0,0.621577906942648,0.420929868400282,73,Bacillota_A_368345
Eubacterium_R,31,7,0.0106382978723404,0.00328947368421053,0.502081482269201,0.0282560329422827,2236,Bacillota_A_368345
Pauljensenia,32,2,0.0478723404255319,0,0.580668986781859,0.000371193323169019,101,Actinomycetota
Prevotella,33,5,0,0,0,0,4448,Bacteroidota
Parabacteroides_B_862066,34,1,0.0638297872340425,0.024780701754386,0.694419088222038,0.628661198582403,4529,Bacteroidota
Vescimonas,35,1,0.0585106382978723,0.0337719298245614,0.709049116501751,0.444084800240089,3866,Bacillota_A_368345
Alistipes_A_871404,36,1,0.0904255319148936,0.0081140350877193,0.760117884436853,0.811400308210065,1042,Bacteroidota
Limiplasma,37,8,0.0265957446808511,0.174122807017544,0.624730125906505,0.0782195754014449,646,Bacillota_A_368345
Clostridium_AP_143938,38,4,0.0106382978723404,0.000657894736842105,0.391925820673251,6.849589347019e-06,96,Bacillota_A_368345
Butyricimonas,39,1,0.0265957446808511,0,0.587594776742086,0.293308122080075,246,Bacteroidota
Anaerostipes,40,2,0.0585106382978723,0.0144736842105263,0.693344756514267,0.000573122025196718,2678,Bacillota_A_368345
Agathobaculum,41,1,0.0212765957446809,0.00197368421052632,0.5361318824895,0.0171976119769948,376,Bacillota_A_368345
Clostridium_T,42,2,0.0851063829787234,0.0333333333333333,0.711844641633341,0.000569975601165982,2329,Bacillota_A_368345
Barnesiella_B,43,1,0.074468085106383,0.00635964912280702,0.71678892962391,0.706294621788374,4248,Bacteroidota
Nanosynbacter,44,2,0.0106382978723404,0,0.483289444143537,7.6817274032468e-05,171,Patescibacteria
1_Chloroplast(C),45,4,0.0265957446808511,0.0407894736842105,0.513726032381723,8.6572782485931e-05,449,Cyanobacteriota
UBA5905,46,1,0.0691489361702128,0.00087719298245614,0.703215093757719,0.642885315959967,630,Bacillota_A_368345
Anaerotruncus,47,1,0.0319148936170213,0,0.589587785302228,0.323455367421335,173,Bacillota_A_368345
Dysosmobacter,48,1,0.0904255319148936,0.0171052631578947,0.77383657699434,0.814135638695505,1529,Bacillota_A_368345
Bariatricus,49,2,0.0159574468085106,0,0.524700628050382,0.000129138210101191,732,Bacillota_A_368345
2_Oscillospiraceae_88309(F),50,1,0.0106382978723404,0,0.521782634267818,0.0736808715412927,71,Bacillota_A_368345
Merdimmobilis,51,1,0.0372340425531915,0.0111842105263158,0.637326525995149,0.383009306963791,371,Bacillota_A_368345
Anaerobutyricum,52,2,0.0957446808510638,0.0208333333333333,0.740897513864785,0.000713604937287823,1033,Bacillota_A_368345
Angelakisella,53,3,0.00531914893617021,0,0.329567497460845,0.000472255941899531,133,Bacillota_A_368345
Dorea_A,54,2,0.074468085106383,0.0480263157894737,0.714159261198483,0.000589832815126601,2067,Bacillota_A_368345
Ruthenibacterium,55,0,0,0,0,0,1542,Bacillota_A_368345
Lachnospira,56,1,0.0212765957446809,0.00043859649122807,0.569426489602534,0.0485189355076863,547,Bacillota_A_368345
Hominimerdicola,57,7,0.0159574468085106,0.0425438596491228,0.571581548925422,0.0279920573429312,1630,Bacillota_A_368345
Romboutsia_B,58,2,0.0638297872340425,0.00241228070175439,0.669288282671631,0.000457456016374504,8481,Bacillota_A_368345
1_Anaerovoracaceae(F),59,2,0.00531914893617021,0,0.427254701877132,2.12787206761167e-05,427,Bacillota_A_368345
Lentihominibacter,60,2,0.0904255319148936,0.0802631578947368,0.712640897615293,0.000569831666992478,907,Bacillota_A_368345
Terrisporobacter,61,2,0.0372340425531915,0.000219298245614035,0.576867781634166,0.000255209748435619,674,Bacillota_A_368345
Intestinibacter,62,2,0.0585106382978723,0.0219298245614035,0.665071181542148,0.000447670837732887,2504,Bacillota_A_368345
CAG-177,63,3,0.0372340425531915,0.043640350877193,0.589566575218847,0.140656568737073,1095,Bacillota_A_368345
Enterocloster,64,1,0.0265957446808511,0.0282894736842105,0.589936471531827,0.135799983566935,295,Bacillota_A_368345
Roseburia_A_166204,65,1,0.0372340425531915,0.062280701754386,0.59960637173503,0.0495905503915086,2057,Bacillota_A_368345
Acetatifactor,66,1,0.0531914893617021,0.0366228070175439,0.679963641594519,0.441224269283273,874,Bacillota_A_368345
Lawsonibacter,67,1,0.0797872340425532,0.00197368421052632,0.731312892208694,0.769678235925138,348,Bacillota_A_368345
Sellimonas,68,4,0.0106382978723404,0.000657894736842105,0.40834357994872,1.02086376393465e-05,81,Bacillota_A_368345
Ventrisoma,69,8,0.0106382978723404,0,0.485079359780072,0.00577652735199284,349,Bacillota_A_368345
Coprococcus_A_121497,70,6,0.0106382978723404,0.0208333333333333,0.492031762283138,0.0284405519935518,513,Bacillota_A_368345
Eubacterium_F,71,1,0.0425531914893617,0.0280701754385965,0.679169078880417,0.360101953166805,632,Bacillota_A_368345
RUG13077,72,3,0.0106382978723404,0.0208333333333333,0.430437886531142,0.0102310785037897,126,Bacillota_A_368345
Mediterraneibacter_A_155507,73,2,0.0319148936170213,0.0291666666666667,0.608074930215812,0.000305136074814706,2897,Bacillota_A_368345
Anaeromassilibacillus,74,2,0.00531914893617021,0,0.430930631302957,4.17261013660015e-05,205,Bacillota_A_368345
1_Aristaeellaceae(F),75,8,0.0159574468085106,0.155921052631579,0.564900998808421,0.00674908388536761,511,Bacillota_A_368345
Limivicinus,76,3,0.0106382978723404,0.00657894736842105,0.495582511835611,0.0322738331484146,390,Bacillota_A_368345
1_Anaerotignaceae(F),77,1,0.00531914893617021,0,0.517373344519396,0.0618395233151089,259,Bacillota_A_368345
Hominibacterium,78,2,0.0159574468085106,0,0.5283628298933,0.000155008341092106,102,Bacillota_A_368345
Blautia_A_141893,79,2,0.0212765957446809,0,0.537618125358967,0.000152133297394266,146,Bacillota_A_368345
Parasutterella_564865,80,1,0.0478723404255319,0,0.626900824983676,0.522093663251352,307,Pseudomonadota
UMGS1071,81,1,0.0106382978723404,0.0138157894736842,0.547870887056737,0.0625119274087091,482,Bacillota_A_368345
Fusicatenibacter,82,2,0.0372340425531915,0.0296052631578947,0.598368225186232,0.00033980709985923,824,Bacillota_A_368345
Faecousia,83,1,0.0691489361702128,0.125219298245614,0.734116900944876,0.410445083575096,1242,Bacillota_A_368345
Gordonibacter,84,2,0.0212765957446809,0,0.554523556293533,0.000223894279959505,151,Actinomycetota
Agathobacter_164117,85,1,0.0212765957446809,0.32719298245614,0.631188043645951,0.0154369338102023,5064,Bacillota_A_368345
Slackia,86,4,0.0106382978723404,0,0.482969559416684,4.94493509121574e-05,310,Actinomycetota
Anaerotardibacter,87,2,0.0106382978723404,0,0.497254271755472,6.93616549082091e-05,315,Actinomycetota
Hominilimicola,88,1,0.00531914893617021,0,0.376064463138096,0.000882562992734143,753,Bacillota_A_368345
Haemophilus_D_735815,89,1,0.00531914893617021,0,0.388368175442873,0.00102479382735866,369,Pseudomonadota
Hungatella_A_128155,90,0,0,0,0,0,173,Bacillota_A_368345
Ruminococcus_B,91,2,0.00531914893617021,0,0.385995049398282,9.33088553297711e-06,236,Bacillota_A_368345
Intestinimonas,92,1,0.0159574468085106,0,0.532062167861471,0.148494619243199,173,Bacillota_A_368345
1_Clostridia_258483(C),93,0,0,0,0,0,138,Bacillota_A_368345
1_CAG-138(F),94,3,0.00531914893617021,0,0.33522098239069,0.00070539803996078,90,Bacillota_A_368345
1_QAKW01(F),95,1,0.0106382978723404,0,0.503910169711014,0.110842782506752,73,Bacillota_A_368345
Desulfovibrio_446353,96,3,0.0106382978723404,0.0208333333333333,0.421054468706878,0.00696991831309655,256,Desulfobacterota_G_459543
Ruminococcus_C_58660,97,7,0.0106382978723404,0.00592105263157895,0.45405572795376,0.00399899024407705,206,Bacillota_A_368345
Dialister_37762,98,5,0,0,0,0,862,Bacillota_C
SFLA01,99,8,0.00531914893617021,0,0.4473564127528,0.00561682126912332,146,Bacillota_A_368345
1_Mitochondria(F),100,4,0.00531914893617021,0,0.373129263725564,6.14632766503199e-06,27,Pseudomonadota
Coprococcus_A_187866,101,2,0.0159574468085106,0,0.51058396130196,0.000128391332719453,103,Bacillota_A_368345
Alitiscatomonas,102,1,0.00531914893617021,0,0.418922929646,0.00947579949475334,64,Bacillota_A_368345
Eisenbergiella,103,1,0.0106382978723404,0,0.473395349928682,0.0136099302812391,1675,Bacillota_A_368345
