Source,Target,Type,Weight,Sign,asso
Sutterella,Bacteroides_H_857956,Undirected,0.412593677704427,Positive,0.309907625054378
Sutterella,Odoribacter_865974,Undirected,0.430016246092882,Positive,0.350237040563899
Sutterella,Lentihominibacter,Undirected,0.193512925076258,Negative,-0.300842804038105
Gemmiger_A_73129,Collinsella,Undirected,0.508440552858912,Positive,0.516738619852696
Gemmiger_A_73129,Bariatricus,Undirected,0.460420345396167,Positive,0.417707592675217
Gemmiger_A_73129,Dorea_A,Undirected,0.469528168024377,Positive,0.437199270960854
Gemmiger_A_73129,Lentihominibacter,Undirected,0.490255231331721,Positive,0.480320541630645
Gemmiger_A_73129,Mediterraneibacter_A_155507,Undirected,0.517853868486529,Positive,0.535070215733189
Gemmiger_A_73129,Anaeromassilibacillus,Undirected,0.411263419987687,Positive,0.30677847871081
Gemmiger_A_73129,1_Aristaeellaceae(F),Undirected,0.409406988911765,Positive,0.302399790507463
Methanobrevibacter_A,1_CAG-508(F),Undirected,0.434987214236885,Positive,0.361521103848409
Methanobrevibacter_A,CAG-177,Undirected,0.418137406382073,Positive,0.322871844296439
Methanobrevibacter_A,Limivicinus,Undirected,0.415507653198452,Positive,0.316737393060838
Bacteroides_H_857956,Bifidobacterium_388775,Undirected,0.114921183429335,Negative,-0.566729023084257
Bacteroides_H_857956,Eubacterium_G_180878,Undirected,0.409691364783031,Positive,0.303071430376559
Bacteroides_H_857956,1_Christensenellales(O),Undirected,0.43801590860809,Positive,0.368347762044818
Bacteroides_H_857956,Streptococcus,Undirected,0.110809710066885,Negative,-0.581318743422674
Bacteroides_H_857956,Collinsella,Undirected,0.187960955007452,Negative,-0.318814821184819
Bacteroides_H_857956,Turicibacter,Undirected,0.160315079638886,Negative,-0.4101415309637
Bacteroides_H_857956,Faecalibacillus,Undirected,0.17322401974354,Negative,-0.36711704305806
Bacteroides_H_857956,Coprobacillus,Undirected,0.435697074701708,Positive,0.363124416999582
Bacteroides_H_857956,Alistipes_A_871400,Undirected,0.633093290490849,Positive,0.730758933034335
Bacteroides_H_857956,Blautia_A_141781,Undirected,0.142825508776649,Negative,-0.46949621680802
Bacteroides_H_857956,Odoribacter_865974,Undirected,0.528819994847792,Positive,0.55597880548953
Bacteroides_H_857956,Phocaeicola_A,Undirected,0.754812271841005,Positive,0.879765955920461
Bacteroides_H_857956,1_Oscillospiraceae_88309(F),Undirected,0.427699887922405,Positive,0.344945163431944
Bacteroides_H_857956,Pauljensenia,Undirected,0.182080176215527,Negative,-0.337985676279245
Bacteroides_H_857956,Parabacteroides_B_862066,Undirected,0.480484672916835,Positive,0.460207649851344
Bacteroides_H_857956,Vescimonas,Undirected,0.417449991110257,Positive,0.32127097428512
Bacteroides_H_857956,Alistipes_A_871404,Undirected,0.503434203770966,Positive,0.50684482003085
Bacteroides_H_857956,Anaerostipes,Undirected,0.174832819054599,Negative,-0.36180175301876
Bacteroides_H_857956,Clostridium_T,Undirected,0.120200927265223,Negative,-0.548092816769948
Bacteroides_H_857956,Barnesiella_B,Undirected,0.470941002203017,Positive,0.440193153700105
Bacteroides_H_857956,UBA5905,Undirected,0.467205454962189,Positive,0.432259945555904
Bacteroides_H_857956,Anaerotruncus,Undirected,0.444362165389783,Positive,0.382533193499338
Bacteroides_H_857956,Dysosmobacter,Undirected,0.537707985723276,Positive,0.572572187071938
Bacteroides_H_857956,Merdimmobilis,Undirected,0.47829521189359,Positive,0.455648228133692
Bacteroides_H_857956,Anaerobutyricum,Undirected,0.172042522957109,Negative,-0.371027167582458
Bacteroides_H_857956,Dorea_A,Undirected,0.133971412158948,Negative,-0.500011029915933
Bacteroides_H_857956,Romboutsia_B,Undirected,0.132076041078446,Negative,-0.506583996940128
Bacteroides_H_857956,Lentihominibacter,Undirected,0.169383891674794,Negative,-0.379846238818623
Bacteroides_H_857956,Terrisporobacter,Undirected,0.179592226079401,Negative,-0.346137831018706
Bacteroides_H_857956,Intestinibacter,Undirected,0.162714211011868,Negative,-0.402094984882959
Bacteroides_H_857956,Enterocloster,Undirected,0.426593553425271,Positive,0.342410094053085
Bacteroides_H_857956,1_Anaerotignaceae(F),Undirected,0.411341683212235,Positive,0.306962772153191
Bacteroides_H_857956,Hominibacterium,Undirected,0.183568175367922,Negative,-0.333121848544127
Bacteroides_H_857956,Acetatifactor,Undirected,0.456322160246063,Positive,0.408828813120985
Bacteroides_H_857956,Lawsonibacter,Undirected,0.531134233821349,Positive,0.560329786611413
Bacteroides_H_857956,Blautia_A_141893,Undirected,0.18796386307491,Negative,-0.318805375344448
Bacteroides_H_857956,Eubacterium_F,Undirected,0.437849068760032,Positive,0.367972661012074
Bacteroides_H_857956,Parasutterella_564865,Undirected,0.432423708811563,Positive,0.355714307361557
Bacteroides_H_857956,UMGS1071,Undirected,0.409628195802632,Positive,0.30292226561749
Bifidobacterium_388775,Eubacterium_G_180878,Undirected,0.183724957759752,Negative,-0.332609889168638
Bifidobacterium_388775,1_Christensenellales(O),Undirected,0.192990132288293,Negative,-0.302529853168133
Bifidobacterium_388775,Streptococcus,Undirected,0.585997900437038,Positive,0.657204523114919
Bifidobacterium_388775,Collinsella,Undirected,0.448283186998559,Positive,0.391217116503066
Bifidobacterium_388775,Turicibacter,Undirected,0.470131672214036,Positive,0.438479110418612
Bifidobacterium_388775,Ruminococcus_E,Undirected,0.410244789672282,Positive,0.304377583782619
Bifidobacterium_388775,Faecalibacillus,Undirected,0.4139899857814,Positive,0.313184526471033
Bifidobacterium_388775,Thomasclavelia,Undirected,0.412908119027969,Positive,0.310646246593445
Bifidobacterium_388775,Alistipes_A_871400,Undirected,0.115206090440288,Negative,-0.565720524787919
Bifidobacterium_388775,Eggerthella,Undirected,0.46981292979214,Positive,0.437803341168811
Bifidobacterium_388775,Blautia_A_141781,Undirected,0.554600724753279,Positive,0.603238971219392
Bifidobacterium_388775,CAG-269,Undirected,0.17529365560074,Negative,-0.360281108984782
Bifidobacterium_388775,Odoribacter_865974,Undirected,0.15225731944737,Negative,-0.437335304861118
Bifidobacterium_388775,Phocaeicola_A,Undirected,0.128243149471745,Negative,-0.519920012885883
Bifidobacterium_388775,Pauljensenia,Undirected,0.453902317985791,Positive,0.403554643397417
Bifidobacterium_388775,Parabacteroides_B_862066,Undirected,0.190263131275718,Negative,-0.311347593142809
Bifidobacterium_388775,Vescimonas,Undirected,0.179700978396003,Negative,-0.345780969688951
Bifidobacterium_388775,Alistipes_A_871404,Undirected,0.167471781533703,Negative,-0.386206469085331
Bifidobacterium_388775,Anaerostipes,Undirected,0.565706680479352,Positive,0.622778625239472
Bifidobacterium_388775,Clostridium_T,Undirected,0.517744867779929,Positive,0.534859974894805
Bifidobacterium_388775,UBA5905,Undirected,0.173649285920285,Negative,-0.365711005320109
Bifidobacterium_388775,Dysosmobacter,Undirected,0.1448777480653,Negative,-0.462468131507744
Bifidobacterium_388775,Anaerobutyricum,Undirected,0.534790865754175,Positive,0.567160922828499
Bifidobacterium_388775,Dorea_A,Undirected,0.464728524105948,Positive,0.426968894188406
Bifidobacterium_388775,Romboutsia_B,Undirected,0.511456525208605,Positive,0.5226505464775
Bifidobacterium_388775,Lentihominibacter,Undirected,0.471006599499237,Positive,0.440331964453278
Bifidobacterium_388775,Intestinibacter,Undirected,0.485969048048658,Positive,0.471544360871994
Bifidobacterium_388775,Fusicatenibacter,Undirected,0.421913693247425,Positive,0.331632443890337
Bifidobacterium_388775,Acetatifactor,Undirected,0.186591231188803,Negative,-0.323267650357893
Bifidobacterium_388775,Lawsonibacter,Undirected,0.161510818473302,Negative,-0.406128215074624
Bifidobacterium_388775,Eubacterium_F,Undirected,0.156064687915988,Negative,-0.424453621964678
Bifidobacterium_388775,Faecousia,Undirected,0.168449704077193,Negative,-0.382951789298617
Bifidobacterium_388775,Gordonibacter,Undirected,0.464841603560062,Positive,0.427210981439668
Enterococcus_B,Streptococcus,Undirected,0.416125003921279,Positive,0.318179977908148
Enterococcus_B,Thomasclavelia,Undirected,0.413442607838498,Positive,0.311900851401396
Enterococcus_B,Clostridium_T,Undirected,0.437335395056182,Positive,0.366817084686835
Eubacterium_G_180878,Faecalibacterium,Undirected,0.444442157001242,Positive,0.382710966165134
Eubacterium_G_180878,Phocaeicola_A,Undirected,0.439119149889397,Positive,0.370825343958414
Eubacterium_G_180878,Vescimonas,Undirected,0.40858723022735,Positive,0.300461871499686
Eubacterium_G_180878,Agathobaculum,Undirected,0.411638775588111,Positive,0.307662139217085
Eubacterium_G_180878,Lachnospira,Undirected,0.44785224208194,Positive,0.390265706852119
Eubacterium_G_180878,Agathobacter_164117,Undirected,0.441462882546999,Positive,0.376072576854585
1_Christensenellales(O),Streptococcus,Undirected,0.190605888115952,Negative,-0.310237656705132
1_Christensenellales(O),Alistipes_A_871400,Undirected,0.435711378267849,Positive,0.363156702767259
1_Christensenellales(O),Blautia_A_141781,Undirected,0.186004009183893,Negative,-0.325178946129392
1_Christensenellales(O),Hominicoprocola,Undirected,0.420124967846726,Positive,0.327489894170479
1_Christensenellales(O),Phocaeicola_A,Undirected,0.410719735928822,Positive,0.305497540752404
1_Christensenellales(O),Clostridium_T,Undirected,0.171306075471618,Negative,-0.373467241100503
1_Christensenellales(O),UBA5905,Undirected,0.487303899624815,Positive,0.474285417320156
1_Christensenellales(O),Anaerobutyricum,Undirected,0.191335829252669,Negative,-0.307875482100938
1_Christensenellales(O),Romboutsia_B,Undirected,0.185857758913544,Negative,-0.325655177442554
1_Christensenellales(O),Intestinibacter,Undirected,0.193512594795688,Negative,-0.300843869506368
1_Christensenellales(O),Eubacterium_F,Undirected,0.420580343493296,Positive,0.328545723307307
Gemella,Streptococcus,Undirected,0.453132743359048,Positive,0.401872407227999
Gemella,Blautia_A_141781,Undirected,0.419967416628345,Positive,0.327124404454409
Gemella,Clostridium_T,Undirected,0.412165451880257,Positive,0.308901088073715
Granulicatella,Streptococcus,Undirected,0.445001639322552,Positive,0.383953639290691
Granulicatella,Hominicoprocola,Undirected,0.188728143585898,Negative,-0.316324050019168
Streptococcus,Collinsella,Undirected,0.429077715018087,Positive,0.348095489022062
Streptococcus,Turicibacter,Undirected,0.454051701700562,Positive,0.403880911167895
Streptococcus,Alistipes_A_871400,Undirected,0.12118478960536,Negative,-0.544632348041952
Streptococcus,Eggerthella,Undirected,0.462572628613413,Positive,0.422343640969006
Streptococcus,Blautia_A_141781,Undirected,0.602151643907738,Positive,0.683433371109369
Streptococcus,CAG-269,Undirected,0.171567967344516,Negative,-0.372599265459394
Streptococcus,Hominicoprocola,Undirected,0.1737237659503,Negative,-0.365464829910708
Streptococcus,Odoribacter_865974,Undirected,0.174679092378603,Negative,-0.362309201114013
Streptococcus,Phocaeicola_A,Undirected,0.129299557098493,Negative,-0.51623852253776
Streptococcus,Pauljensenia,Undirected,0.478864846379583,Positive,0.45683630332205
Streptococcus,Parabacteroides_B_862066,Undirected,0.147454377643011,Negative,-0.453668076400131
Streptococcus,Vescimonas,Undirected,0.152430689173877,Negative,-0.43674747330854
Streptococcus,Alistipes_A_871404,Undirected,0.130313864046064,Negative,-0.512707950140975
Streptococcus,Butyricimonas,Undirected,0.185488566865425,Negative,-0.326857749413878
Streptococcus,Anaerostipes,Undirected,0.525421170993963,Positive,0.549549870118518
Streptococcus,Clostridium_T,Undirected,0.551972181111404,Positive,0.598542147003854
Streptococcus,Barnesiella_B,Undirected,0.140646139491688,Negative,-0.47697811514108
Streptococcus,Nanosynbacter,Undirected,0.445480345160856,Positive,0.385015904794152
Streptococcus,1_Chloroplast(C),Undirected,0.411292041742245,Positive,0.306845879767971
Streptococcus,UBA5905,Undirected,0.149631316051585,Negative,-0.446253797280317
Streptococcus,Dysosmobacter,Undirected,0.139821005304228,Negative,-0.47981580583166
Streptococcus,Merdimmobilis,Undirected,0.188843987522103,Negative,-0.315948153158084
Streptococcus,Anaerobutyricum,Undirected,0.481764054604046,Positive,0.462863009799123
Streptococcus,Dorea_A,Undirected,0.466842155972851,Positive,0.431485426704645
Streptococcus,Romboutsia_B,Undirected,0.499588461320166,Positive,0.499176583912161
Streptococcus,Lentihominibacter,Undirected,0.423850043431156,Positive,0.336102455091439
Streptococcus,Terrisporobacter,Undirected,0.422541627364142,Positive,0.333083655745494
Streptococcus,Intestinibacter,Undirected,0.462286663569158,Positive,0.421728735648824
Streptococcus,CAG-177,Undirected,0.18879145275949,Negative,-0.316118614232118
Streptococcus,Acetatifactor,Undirected,0.187519587168522,Negative,-0.320248842469618
Streptococcus,Lawsonibacter,Undirected,0.165634377020328,Negative,-0.392331985620512
Streptococcus,Blautia_A_141893,Undirected,0.41169807417736,Positive,0.307801688146747
Streptococcus,Eubacterium_F,Undirected,0.166252833051984,Negative,-0.390268676787686
Streptococcus,Slackia,Undirected,0.420302420379768,Positive,0.327901432364889
Streptococcus,Faecousia,Undirected,0.166537791965325,Negative,-0.389318504444071
Streptococcus,Anaerotardibacter,Undirected,0.423877997277055,Positive,0.336166875957005
Streptococcus,Parasutterella_564865,Undirected,0.18330818570023,Negative,-0.3339710390885
Veillonella_A,Agathobaculum,Undirected,0.446864221547351,Positive,0.388081621191163
Veillonella_A,Ruthenibacterium,Undirected,0.182536946260884,Negative,-0.336491688456961
Veillonella_A,Lachnospira,Undirected,0.408584478677634,Positive,0.300455362277988
Veillonella_A,1_Anaerovoracaceae(F),Undirected,0.188855403673885,Negative,-0.315911112298114
Veillonella_A,Roseburia_A_166204,Undirected,0.490754475973962,Positive,0.481337992518892
Veillonella_A,Hominilimicola,Undirected,0.408465515174399,Positive,0.300173906524222
Veillonella_A,Haemophilus_D_735815,Undirected,0.474292421148102,Positive,0.447263083075351
Veillonella_A,1_Aristaeellaceae(F),Undirected,0.192248350974027,Negative,-0.304925453008358
Veillonella_A,UMGS1071,Undirected,0.430421662774021,Positive,0.351161035525778
Collinsella,Blautia_A_141781,Undirected,0.433699683067025,Positive,0.358607902083224
Collinsella,Anaerotruncus,Undirected,0.174307928398236,Negative,-0.363534794212024
Collinsella,Anaerobutyricum,Undirected,0.419698422990167,Positive,0.326500159439801
Collinsella,Dorea_A,Undirected,0.449255843733028,Positive,0.393361748675562
Collinsella,Lentihominibacter,Undirected,0.467322340574429,Positive,0.432509022297791
Collinsella,Terrisporobacter,Undirected,0.437807741940296,Positive,0.367879729955463
Collinsella,Anaerotardibacter,Undirected,0.430063011829576,Positive,0.350343659030451
Turicibacter,Alistipes_A_871400,Undirected,0.159777641978721,Negative,-0.411947221837678
Turicibacter,Blautia_A_141781,Undirected,0.42609586847486,Positive,0.34126809563675
Turicibacter,Hominicoprocola,Undirected,0.178990799512962,Negative,-0.348112214568731
Turicibacter,Phocaeicola_A,Undirected,0.17513360768227,Negative,-0.360809130350534
Turicibacter,Alistipes_A_871404,Undirected,0.190450601633988,Negative,-0.310740456789545
Turicibacter,Clostridium_T,Undirected,0.485351384647902,Positive,0.470273605432337
Turicibacter,Romboutsia_B,Undirected,0.536481950734775,Positive,0.570302036010721
Turicibacter,Terrisporobacter,Undirected,0.473164035041544,Positive,0.444887732052586
Turicibacter,Intestinibacter,Undirected,0.526848765405307,Positive,0.552255818403035
Turicibacter,Faecousia,Undirected,0.179174422950636,Negative,-0.347509255876843
1_Eggerthellaceae(F),Alistipes_A_871400,Undirected,0.190892296700261,Negative,-0.309310551077958
Ruminococcus_E,Faecalibacillus,Undirected,0.452040604777707,Positive,0.399481002375237
Ruminococcus_E,Anaerobutyricum,Undirected,0.456061979825541,Positive,0.408262860417379
Ruminococcus_E,Fusicatenibacter,Undirected,0.434859542168129,Positive,0.361232525843167
Ruminococcus_E,Hominibacterium,Undirected,0.414621900064717,Positive,0.314664960232316
Ruminococcus_E,Hungatella_A_128155,Undirected,0.190674635579167,Negative,-0.310015090989828
Ruminococcus_E,Gordonibacter,Undirected,0.417580281801837,Positive,0.321574543707945
Faecalibacillus,Alistipes_A_871400,Undirected,0.180650334921363,Negative,-0.342667747328951
Faecalibacillus,Blautia_A_141781,Undirected,0.473894707847374,Positive,0.446426443138
Faecalibacillus,Phocaeicola_A,Undirected,0.168420442659932,Negative,-0.383049120371806
Faecalibacillus,Parabacteroides_B_862066,Undirected,0.192792405646225,Negative,-0.303168200764816
Faecalibacillus,Butyricimonas,Undirected,0.17662901804413,Negative,-0.355879547853946
Faecalibacillus,Anaerostipes,Undirected,0.456304353502473,Positive,0.408790087959272
Faecalibacillus,Anaerobutyricum,Undirected,0.477362877334713,Positive,0.453700876024299
Faecalibacillus,Dorea_A,Undirected,0.504589856791879,Positive,0.509137580013019
Faecalibacillus,Fusicatenibacter,Undirected,0.437272780974947,Positive,0.366676153936661
Faecalibacillus,Agathobacter_164117,Undirected,0.425816040257709,Positive,0.340625560749326
Faecalibacillus,Hominibacterium,Undirected,0.415043041640366,Positive,0.315650713733292
Faecalibacillus,Mediterraneibacter_A_155507,Undirected,0.466709747054011,Positive,0.431203012225606
Faecalibacillus,Gordonibacter,Undirected,0.428638995952866,Positive,0.347093206108503
Thomasclavelia,Eggerthella,Undirected,0.408945337584849,Positive,0.301308772074624
Thomasclavelia,Intestinibacter,Undirected,0.419092484017365,Positive,0.32509291574977
Thomasclavelia,Fusicatenibacter,Undirected,0.433269203507675,Positive,0.35763240861435
Thomasclavelia,Sellimonas,Undirected,0.439430087262677,Positive,0.37152274586734
Thomasclavelia,Ruminococcus_B,Undirected,0.421071764344621,Positive,0.329684195921901
Thomasclavelia,Faecousia,Undirected,0.187535723117552,Negative,-0.32019640242024
Coprobacillus,Phocaeicola_A,Undirected,0.419794179281421,Positive,0.326722411208561
Alistipes_A_871400,Blautia_A_141781,Undirected,0.114780113321187,Negative,-0.5672284955433
Alistipes_A_871400,CAG-269,Undirected,0.418423171523968,Positive,0.323536785159521
Alistipes_A_871400,Hominicoprocola,Undirected,0.457315517346278,Positive,0.410987104573724
Alistipes_A_871400,Odoribacter_865974,Undirected,0.566766024316303,Positive,0.624616644626596
Alistipes_A_871400,Phocaeicola_A,Undirected,0.646872520027551,Positive,0.750601965776615
Alistipes_A_871400,1_Oscillospiraceae_88309(F),Undirected,0.447345984164804,Positive,0.389147077562462
Alistipes_A_871400,Pauljensenia,Undirected,0.183770658301958,Negative,-0.332460676497638
Alistipes_A_871400,Parabacteroides_B_862066,Undirected,0.5165045865433,Positive,0.53246437033267
Alistipes_A_871400,Vescimonas,Undirected,0.486120985683317,Positive,0.471856717289829
Alistipes_A_871400,Alistipes_A_871404,Undirected,0.571589137929953,Positive,0.632928266520798
Alistipes_A_871400,Butyricimonas,Undirected,0.428423896582472,Positive,0.346601516004072
Alistipes_A_871400,Anaerostipes,Undirected,0.159945726269908,Negative,-0.411382365624386
Alistipes_A_871400,Clostridium_T,Undirected,0.115822265171646,Negative,-0.563540533532398
Alistipes_A_871400,Barnesiella_B,Undirected,0.532753433441351,Positive,0.563361292078309
Alistipes_A_871400,UBA5905,Undirected,0.516854603232853,Positive,0.533141051165432
Alistipes_A_871400,Anaerotruncus,Undirected,0.442335886386421,Positive,0.378021472775162
Alistipes_A_871400,Dysosmobacter,Undirected,0.607356926978705,Positive,0.691662834416788
Alistipes_A_871400,Merdimmobilis,Undirected,0.416732381649105,Positive,0.319597770766549
Alistipes_A_871400,Anaerobutyricum,Undirected,0.137921412478142,Negative,-0.486358982127363
Alistipes_A_871400,Romboutsia_B,Undirected,0.111765180526661,Negative,-0.577922189049671
Alistipes_A_871400,Lentihominibacter,Undirected,0.168527829171984,Negative,-0.382691941722908
Alistipes_A_871400,Terrisporobacter,Undirected,0.181282418580385,Negative,-0.340596956251166
Alistipes_A_871400,Intestinibacter,Undirected,0.131581725347365,Negative,-0.50830059950132
Alistipes_A_871400,Hominibacterium,Undirected,0.181448724486573,Negative,-0.340052381289317
Alistipes_A_871400,Acetatifactor,Undirected,0.410078363493251,Positive,0.303984925562397
Alistipes_A_871400,Lawsonibacter,Undirected,0.500365946349197,Positive,0.500731624864933
Alistipes_A_871400,Blautia_A_141893,Undirected,0.186931513760411,Negative,-0.322160726631872
Alistipes_A_871400,Eubacterium_F,Undirected,0.462131271028452,Positive,0.421394460789063
Alistipes_A_871400,Intestinimonas,Undirected,0.423118436092078,Positive,0.334415322446301
Alistipes_A_871400,Faecousia,Undirected,0.487271135820051,Positive,0.474218223673479
Alistipes_A_871400,Gordonibacter,Undirected,0.191973017426513,Negative,-0.30581520913363
Alistipes_A_871400,Parasutterella_564865,Undirected,0.428408546723655,Positive,0.346566421082871
Eggerthella,Blautia_A_141781,Undirected,0.478565411560384,Positive,0.456211939957618
Eggerthella,Hominicoprocola,Undirected,0.150377746927506,Negative,-0.443715945831961
Eggerthella,Pauljensenia,Undirected,0.415984393428441,Positive,0.317851542561707
Eggerthella,Parabacteroides_B_862066,Undirected,0.19055775549865,Negative,-0.310393494366766
Eggerthella,Alistipes_A_871404,Undirected,0.163263083964199,Negative,-0.400257333314206
Eggerthella,Anaerostipes,Undirected,0.516816864781559,Positive,0.533068115680956
Eggerthella,Clostridium_T,Undirected,0.42629752014079,Positive,0.341730929206786
Eggerthella,Barnesiella_B,Undirected,0.180177110279794,Negative,-0.344219141018378
Eggerthella,UBA5905,Undirected,0.184798765802877,Negative,-0.329106104473024
Eggerthella,Dysosmobacter,Undirected,0.187271195361351,Negative,-0.321056219778736
Eggerthella,Anaerobutyricum,Undirected,0.408433376826782,Positive,0.300097860694873
Eggerthella,Coprococcus_A_121497,Undirected,0.181002628393897,Negative,-0.34151338939541
Eggerthella,Faecousia,Undirected,0.166950003176079,Negative,-0.387944594416669
Akkermansia,Coprococcus_A_121497,Undirected,0.412062605637013,Positive,0.308659240619323
Faecalibacterium,Agathobaculum,Undirected,0.479954051324979,Positive,0.459104422533396
Faecalibacterium,Agathobacter_164117,Undirected,0.451495936972112,Positive,0.398286585683796
Faecalibacterium,Roseburia_A_166204,Undirected,0.439165645134863,Positive,0.37092965280601
Blautia_A_141781,Hominicoprocola,Undirected,0.14617212342133,Negative,-0.458044085645682
Blautia_A_141781,Odoribacter_865974,Undirected,0.138237318977224,Negative,-0.485269836807126
Blautia_A_141781,Phocaeicola_A,Undirected,0.14996664552059,Negative,-0.445113407455035
Blautia_A_141781,Pauljensenia,Undirected,0.428680311894453,Positive,0.347187627965962
Blautia_A_141781,Parabacteroides_B_862066,Undirected,0.127186815940235,Negative,-0.523605708537091
Blautia_A_141781,Vescimonas,Undirected,0.15240208729519,Negative,-0.436844443243103
Blautia_A_141781,Alistipes_A_871404,Undirected,0.118140373242832,Negative,-0.555352802608584
Blautia_A_141781,Butyricimonas,Undirected,0.143416917453216,Negative,-0.467469154610702
Blautia_A_141781,Anaerostipes,Undirected,0.629539637476956,Positive,0.725518239598589
Blautia_A_141781,Clostridium_T,Undirected,0.544265978111089,Positive,0.584613002585915
Blautia_A_141781,Barnesiella_B,Undirected,0.114828707312751,Negative,-0.567056434795232
Blautia_A_141781,UBA5905,Undirected,0.159463310681267,Negative,-0.413003852181791
Blautia_A_141781,Dysosmobacter,Undirected,0.147348118635997,Negative,-0.454030461587147
Blautia_A_141781,2_Oscillospiraceae_88309(F),Undirected,0.190235410884238,Negative,-0.311437379571637
Blautia_A_141781,Merdimmobilis,Undirected,0.191695385201889,Negative,-0.306712700607846
Blautia_A_141781,Anaerobutyricum,Undirected,0.607379396321295,Positive,0.691698123133939
Blautia_A_141781,Angelakisella,Undirected,0.187423449272774,Negative,-0.320561301583513
Blautia_A_141781,Dorea_A,Undirected,0.468269181083319,Positive,0.434524672428392
Blautia_A_141781,Romboutsia_B,Undirected,0.519556470069064,Positive,0.538348029095003
Blautia_A_141781,Lentihominibacter,Undirected,0.476701366075573,Positive,0.452317079465657
Blautia_A_141781,Intestinibacter,Undirected,0.494836474216798,Positive,0.489619624436569
Blautia_A_141781,Fusicatenibacter,Undirected,0.471548912181273,Positive,0.441478895566408
Blautia_A_141781,CAG-177,Undirected,0.175240591079776,Negative,-0.360456165204874
Blautia_A_141781,1_Clostridia_258483(C),Undirected,0.192141052828018,Negative,-0.305272157051646
Blautia_A_141781,Lawsonibacter,Undirected,0.172730001421962,Negative,-0.368751301094614
Blautia_A_141781,Eubacterium_F,Undirected,0.14762607161132,Negative,-0.453082627593502
Blautia_A_141781,RUG13077,Undirected,0.178908916719151,Negative,-0.348381134086636
Blautia_A_141781,Faecousia,Undirected,0.164846570709582,Negative,-0.39496250091109
Blautia_A_141781,1_CAG-138(F),Undirected,0.176774368821441,Negative,-0.355400879658673
Blautia_A_141781,1_QAKW01(F),Undirected,0.172889816460986,Negative,-0.368222511427884
1_CAG-508(F),Hominicoprocola,Undirected,0.423409156077744,Positive,0.33508599741004
1_CAG-508(F),Parabacteroides_B_862066,Undirected,0.43947885460905,Positive,0.371632091139234
1_CAG-508(F),CAG-177,Undirected,0.459220321641727,Positive,0.415114678949446
1_CAG-508(F),Desulfovibrio_446353,Undirected,0.413616385760189,Positive,0.312308513902114
CAG-269,Hominicoprocola,Undirected,0.426065316367717,Positive,0.341197957847822
CAG-269,Vescimonas,Undirected,0.464165000210167,Positive,0.42576170600046
CAG-269,CAG-177,Undirected,0.41395215704717,Positive,0.313095851540671
CAG-269,Ruminococcus_B,Undirected,0.192556602565346,Negative,-0.303929680121632
CAG-269,Faecousia,Undirected,0.442737467392876,Positive,0.378916939504588
Hominicoprocola,Phocaeicola_A,Undirected,0.413535794284768,Positive,0.312119470829604
Hominicoprocola,1_Oscillospiraceae_88309(F),Undirected,0.418127304169539,Positive,0.322848331693983
Hominicoprocola,Alistipes_A_871404,Undirected,0.504265187582781,Positive,0.50849399151533
Hominicoprocola,Limiplasma,Undirected,0.424069915365994,Positive,0.336609075226934
Hominicoprocola,Anaerostipes,Undirected,0.185651890836123,Negative,-0.326325685797562
Hominicoprocola,Clostridium_T,Undirected,0.162892186423865,Negative,-0.401498983100434
Hominicoprocola,Barnesiella_B,Undirected,0.435806206813227,Positive,0.363370727459043
Hominicoprocola,Nanosynbacter,Undirected,0.191944327049896,Negative,-0.30590794117369
Hominicoprocola,1_Chloroplast(C),Undirected,0.192735036677321,Negative,-0.303353442016732
Hominicoprocola,UBA5905,Undirected,0.418916056853498,Positive,0.324682902034626
Hominicoprocola,Dysosmobacter,Undirected,0.438330877093916,Positive,0.369055592747821
Hominicoprocola,2_Oscillospiraceae_88309(F),Undirected,0.437859160751788,Positive,0.367995353698633
Hominicoprocola,Merdimmobilis,Undirected,0.40993039383486,Positive,0.303635719760233
Hominicoprocola,Romboutsia_B,Undirected,0.1895276526879,Negative,-0.31373085151517
Hominicoprocola,Terrisporobacter,Undirected,0.160762329122028,Negative,-0.408639736441367
Hominicoprocola,Intestinibacter,Undirected,0.16552895143945,Negative,-0.392683861771488
Hominicoprocola,CAG-177,Undirected,0.426033307629071,Positive,0.34112447209755
Hominicoprocola,Acetatifactor,Undirected,0.432295756068041,Positive,0.355423782843285
Hominicoprocola,Lawsonibacter,Undirected,0.453262705703385,Positive,0.402156662050433
Hominicoprocola,Eubacterium_F,Undirected,0.45524584105983,Positive,0.406485812634775
Hominicoprocola,Faecousia,Undirected,0.507155139805085,Positive,0.514207887558908
Odoribacter_865974,Phocaeicola_A,Undirected,0.544226012291697,Positive,0.584540144256943
Odoribacter_865974,Parabacteroides_B_862066,Undirected,0.443421863910843,Positive,0.380441556855039
Odoribacter_865974,Vescimonas,Undirected,0.417833652701453,Positive,0.322164688146136
Odoribacter_865974,Alistipes_A_871404,Undirected,0.458169971790579,Positive,0.412840441061156
Odoribacter_865974,Anaerostipes,Undirected,0.191389640817984,Negative,-0.307701425952937
Odoribacter_865974,Clostridium_T,Undirected,0.159123195587189,Negative,-0.414147600399003
Odoribacter_865974,Barnesiella_B,Undirected,0.50335381990301,Positive,0.506685143590136
Odoribacter_865974,Dysosmobacter,Undirected,0.468308439026705,Positive,0.434608167979563
Odoribacter_865974,Anaerobutyricum,Undirected,0.142927718305222,Negative,-0.469145792098986
Odoribacter_865974,Romboutsia_B,Undirected,0.175307405381086,Negative,-0.360235751238552
Odoribacter_865974,Lentihominibacter,Undirected,0.143774955235075,Negative,-0.466242654565396
Odoribacter_865974,Terrisporobacter,Undirected,0.187076355700097,Negative,-0.321689702923671
Odoribacter_865974,Intestinibacter,Undirected,0.16270810800503,Negative,-0.402115424801034
Odoribacter_865974,Acetatifactor,Undirected,0.408436991174428,Positive,0.300106413178473
Odoribacter_865974,Lawsonibacter,Undirected,0.44463522863998,Positive,0.383139941464465
Phocaeicola_A,1_Oscillospiraceae_88309(F),Undirected,0.440483421661464,Positive,0.373882397128674
Phocaeicola_A,Pauljensenia,Undirected,0.179833098764044,Negative,-0.345347491765982
Phocaeicola_A,Parabacteroides_B_862066,Undirected,0.492692950281685,Positive,0.485279114612199
Phocaeicola_A,Alistipes_A_871404,Undirected,0.462120013711749,Positive,0.421370240701103
Phocaeicola_A,Butyricimonas,Undirected,0.424764752423441,Positive,0.33820881989107
Phocaeicola_A,Anaerostipes,Undirected,0.184176937083789,Negative,-0.331134539971977
Phocaeicola_A,Clostridium_T,Undirected,0.133415645676337,Negative,-0.501936886317121
Phocaeicola_A,Barnesiella_B,Undirected,0.4645849762581,Positive,0.426661504702921
Phocaeicola_A,UBA5905,Undirected,0.432135545131549,Positive,0.355059921793915
Phocaeicola_A,Anaerotruncus,Undirected,0.42803847104389,Positive,0.345720018788379
Phocaeicola_A,Dysosmobacter,Undirected,0.595497457902801,Positive,0.672755386873807
Phocaeicola_A,Merdimmobilis,Undirected,0.4754096695167,Positive,0.449609970326844
Phocaeicola_A,Anaerobutyricum,Undirected,0.169804008768258,Negative,-0.378450767714508
Phocaeicola_A,Dorea_A,Undirected,0.156831149328625,Negative,-0.421867421484976
Phocaeicola_A,Romboutsia_B,Undirected,0.130142643320598,Negative,-0.513303641938554
Phocaeicola_A,Lentihominibacter,Undirected,0.170015527479077,Negative,-0.377748449251669
Phocaeicola_A,Terrisporobacter,Undirected,0.17876914949746,Negative,-0.348840219634249
Phocaeicola_A,Intestinibacter,Undirected,0.148751205212532,Negative,-0.449249021254234
Phocaeicola_A,Enterocloster,Undirected,0.436607620180301,Positive,0.365178052722191
Phocaeicola_A,Hominibacterium,Undirected,0.186919654396094,Negative,-0.322199296814734
Phocaeicola_A,Acetatifactor,Undirected,0.45593375855593,Positive,0.407983849841845
Phocaeicola_A,Lawsonibacter,Undirected,0.518923732956186,Positive,0.537131250574377
Phocaeicola_A,Blautia_A_141893,Undirected,0.178930135949953,Negative,-0.348311443302324
Phocaeicola_A,Eubacterium_F,Undirected,0.429801689771055,Positive,0.349747774024112
Phocaeicola_A,Gordonibacter,Undirected,0.189344153981755,Negative,-0.314325801367114
Phocaeicola_A,Parasutterella_564865,Undirected,0.414563715119118,Positive,0.314528712689742
1_Oscillospiraceae_88309(F),Alistipes_A_871404,Undirected,0.429033241443346,Positive,0.347993921246615
1_Oscillospiraceae_88309(F),Clostridium_T,Undirected,0.164015903527715,Negative,-0.397738819109166
1_Oscillospiraceae_88309(F),Dysosmobacter,Undirected,0.444440715113307,Positive,0.382707761952373
1_Oscillospiraceae_88309(F),Terrisporobacter,Undirected,0.180076380321563,Negative,-0.344549484213182
1_Oscillospiraceae_88309(F),Lawsonibacter,Undirected,0.43753454806603,Positive,0.367265230761429
Eubacterium_R,Ruminococcus_C_58660,Undirected,0.419126485008404,Positive,0.325171919162616
Eubacterium_R,Faecousia,Undirected,0.413760754695589,Positive,0.312647094529829
Pauljensenia,Parabacteroides_B_862066,Undirected,0.18642166825661,Negative,-0.323819403764716
Pauljensenia,Anaerostipes,Undirected,0.433852773880944,Positive,0.358954636715397
Pauljensenia,Clostridium_T,Undirected,0.441860856873295,Positive,0.376961393819574
Pauljensenia,Barnesiella_B,Undirected,0.192084161556121,Negative,-0.305456004016953
Pauljensenia,Dysosmobacter,Undirected,0.168031353092654,Negative,-0.384343658873681
Pauljensenia,Merdimmobilis,Undirected,0.187083498440588,Negative,-0.321666477015186
Pauljensenia,Anaerobutyricum,Undirected,0.4100421914222,Positive,0.303899568196161
Pauljensenia,Romboutsia_B,Undirected,0.436629662681151,Positive,0.365227726058492
Pauljensenia,Intestinibacter,Undirected,0.41008399223633,Positive,0.303998207568346
Prevotella,Dialister_37762,Undirected,0.410566929653915,Positive,0.305137311164774
Parabacteroides_B_862066,Vescimonas,Undirected,0.434757949716445,Positive,0.361002849182486
Parabacteroides_B_862066,Alistipes_A_871404,Undirected,0.470740365650471,Positive,0.439768478896405
Parabacteroides_B_862066,Butyricimonas,Undirected,0.442094773454063,Positive,0.377483516385454
Parabacteroides_B_862066,Anaerostipes,Undirected,0.153991639382119,Negative,-0.431460292470709
Parabacteroides_B_862066,Barnesiella_B,Undirected,0.490516957550774,Positive,0.480854058913361
Parabacteroides_B_862066,Dysosmobacter,Undirected,0.529408240537744,Positive,0.557086791852437
Parabacteroides_B_862066,Anaerobutyricum,Undirected,0.155456567145966,Negative,-0.426507219953751
Parabacteroides_B_862066,Lawsonibacter,Undirected,0.492635019112845,Positive,0.485161552338754
Parabacteroides_B_862066,Parasutterella_564865,Undirected,0.437565773113574,Positive,0.367335480853337
Vescimonas,Alistipes_A_871404,Undirected,0.450589164183158,Positive,0.396295466974078
Vescimonas,Clostridium_T,Undirected,0.179068882553339,Negative,-0.347855799184447
Vescimonas,Barnesiella_B,Undirected,0.449875933609579,Positive,0.394727023156135
Vescimonas,UBA5905,Undirected,0.428805058608122,Positive,0.347472677856659
Vescimonas,Anaerobutyricum,Undirected,0.19186790945721,Negative,-0.306154951530121
Vescimonas,Romboutsia_B,Undirected,0.164922171560602,Negative,-0.39470995910212
Vescimonas,Intestinibacter,Undirected,0.193663667397317,Negative,-0.300356562550288
Vescimonas,Ruminococcus_B,Undirected,0.186492907502423,Negative,-0.323587579087723
Vescimonas,Limivicinus,Undirected,0.423145609368563,Positive,0.334478024018468
Vescimonas,Faecousia,Undirected,0.423462525381454,Positive,0.335209080720939
Alistipes_A_871404,Butyricimonas,Undirected,0.444711402093278,Positive,0.383309146069574
Alistipes_A_871404,Anaerostipes,Undirected,0.176671552726675,Negative,-0.355739464179007
Alistipes_A_871404,Clostridium_T,Undirected,0.149237259537647,Negative,-0.447594481118026
Alistipes_A_871404,Barnesiella_B,Undirected,0.513519855721208,Positive,0.526674138444972
Alistipes_A_871404,UBA5905,Undirected,0.445906010375806,Positive,0.385959701324688
Alistipes_A_871404,Dysosmobacter,Undirected,0.495039562754178,Positive,0.490029913633017
Alistipes_A_871404,Anaerobutyricum,Undirected,0.156297548043784,Negative,-0.423667654873861
Alistipes_A_871404,Dorea_A,Undirected,0.18610640337291,Negative,-0.324845573261159
Alistipes_A_871404,Romboutsia_B,Undirected,0.181853428641247,Negative,-0.338727624452165
Alistipes_A_871404,Lentihominibacter,Undirected,0.187408482717992,Negative,-0.320609947917352
Alistipes_A_871404,Terrisporobacter,Undirected,0.184430731515884,Negative,-0.330306463391432
Alistipes_A_871404,Intestinibacter,Undirected,0.174784649813719,Negative,-0.361960748366134
Alistipes_A_871404,Acetatifactor,Undirected,0.416095717322383,Positive,0.318111577341474
Alistipes_A_871404,Lawsonibacter,Undirected,0.484561699385964,Positive,0.46864671652023
Alistipes_A_871404,Faecousia,Undirected,0.441225905315308,Positive,0.375543022218606
Alistipes_A_871404,Parasutterella_564865,Undirected,0.435527953060114,Positive,0.36274261644699
Alistipes_A_871404,1_QAKW01(F),Undirected,0.414085122170609,Positive,0.31340751187634
Limiplasma,Ventrisoma,Undirected,0.41022191794239,Positive,0.304323627848895
Limiplasma,Faecousia,Undirected,0.488249217092651,Positive,0.476222272387431
Limiplasma,1_Aristaeellaceae(F),Undirected,0.487944204805059,Positive,0.475597725214553
Limiplasma,SFLA01,Undirected,0.435846468815198,Positive,0.363461586503438
Clostridium_AP_143938,1_Chloroplast(C),Undirected,0.431012862093834,Positive,0.3525072737947
Clostridium_AP_143938,Sellimonas,Undirected,0.417305730308835,Positive,0.320934776138159
Clostridium_AP_143938,Faecousia,Undirected,0.191479421181323,Negative,-0.307411052746578
Butyricimonas,Barnesiella_B,Undirected,0.452507534298361,Positive,0.400503999999879
Butyricimonas,Anaerobutyricum,Undirected,0.188871351484571,Negative,-0.315859368884933
Anaerostipes,Clostridium_T,Undirected,0.43747424051476,Positive,0.367129539831109
Anaerostipes,Barnesiella_B,Undirected,0.168527591625736,Negative,-0.382692731775397
Anaerostipes,UBA5905,Undirected,0.179931036716227,Negative,-0.345026209082645
Anaerostipes,Dysosmobacter,Undirected,0.165339885533724,Negative,-0.393315013361715
Anaerostipes,Anaerobutyricum,Undirected,0.514972031359196,Positive,0.52949573927235
Anaerostipes,Dorea_A,Undirected,0.4736064615686,Positive,0.44581968539534
Anaerostipes,Hominimerdicola,Undirected,0.193324787440731,Negative,-0.301449797115083
Anaerostipes,Lentihominibacter,Undirected,0.440995491130221,Positive,0.375027918126513
Anaerostipes,Fusicatenibacter,Undirected,0.447168211829422,Positive,0.388754027976242
Anaerostipes,Lawsonibacter,Undirected,0.177702136214757,Negative,-0.352347553571548
Anaerostipes,Eubacterium_F,Undirected,0.167516845725623,Negative,-0.386056404301233
Anaerostipes,RUG13077,Undirected,0.182533326177404,Negative,-0.336503525621157
Anaerostipes,Parasutterella_564865,Undirected,0.174482453736593,Negative,-0.362958438377512
Agathobaculum,Roseburia_A_166204,Undirected,0.434785408405355,Positive,0.361064930896998
Clostridium_T,Barnesiella_B,Undirected,0.158536725998286,Negative,-0.416120882987367
Clostridium_T,1_Chloroplast(C),Undirected,0.423022095554152,Positive,0.334192995562555
Clostridium_T,UBA5905,Undirected,0.178752461912364,Negative,-0.348895037630006
Clostridium_T,Dysosmobacter,Undirected,0.140461453092572,Negative,-0.477613027239466
Clostridium_T,2_Oscillospiraceae_88309(F),Undirected,0.192570018843549,Negative,-0.303886348940612
Clostridium_T,Merdimmobilis,Undirected,0.19143529707483,Negative,-0.307553757632936
Clostridium_T,Anaerobutyricum,Undirected,0.479413960564512,Positive,0.457980351089746
Clostridium_T,Dorea_A,Undirected,0.409120690395183,Positive,0.30172328296187
Clostridium_T,Romboutsia_B,Undirected,0.593805072114289,Positive,0.670011361119845
Clostridium_T,Lentihominibacter,Undirected,0.458073642132467,Positive,0.41263164529686
Clostridium_T,Terrisporobacter,Undirected,0.530320867229767,Positive,0.558803024480404
Clostridium_T,Intestinibacter,Undirected,0.580144628552941,Positive,0.647442934134104
Clostridium_T,Lawsonibacter,Undirected,0.170656877668785,Negative,-0.375620029116179
Clostridium_T,Eubacterium_F,Undirected,0.178773364341179,Negative,-0.348826374231013
Clostridium_T,Faecousia,Undirected,0.176317424456154,Negative,-0.356905970509089
Barnesiella_B,UBA5905,Undirected,0.45764843049079,Positive,0.411709550101793
Barnesiella_B,Dysosmobacter,Undirected,0.434448248559409,Positive,0.360302432884959
Barnesiella_B,Bariatricus,Undirected,0.161090485033126,Negative,-0.407538348603912
Barnesiella_B,Anaerobutyricum,Undirected,0.167616117617696,Negative,-0.385725855299676
Barnesiella_B,Romboutsia_B,Undirected,0.154524619560188,Negative,-0.429657237859691
Barnesiella_B,Lentihominibacter,Undirected,0.16833601152081,Negative,-0.38332997946623
Barnesiella_B,Intestinibacter,Undirected,0.180189944046676,Negative,-0.344177055684386
Barnesiella_B,CAG-177,Undirected,0.409725406669234,Positive,0.303151808936396
Barnesiella_B,Lawsonibacter,Undirected,0.428321528437213,Positive,0.346367450303273
Barnesiella_B,Parasutterella_564865,Undirected,0.423996283019391,Positive,0.336439436049044
Nanosynbacter,Romboutsia_B,Undirected,0.408876197356678,Positive,0.301145299896999
1_Chloroplast(C),1_Mitochondria(F),Undirected,0.430916093670932,Positive,0.352287015114498
1_Chloroplast(C),Slackia,Undirected,0.42405332782285,Positive,0.336570861616132
UBA5905,Dysosmobacter,Undirected,0.411819259458028,Positive,0.308086832910995
UBA5905,Romboutsia_B,Undirected,0.176342938036021,Negative,-0.356821911446267
UBA5905,Lawsonibacter,Undirected,0.44954476037367,Positive,0.393998058335838
UBA5905,Eubacterium_F,Undirected,0.469414829523112,Positive,0.436958753740022
UBA5905,Faecousia,Undirected,0.429043964555053,Positive,0.348018411177976
UBA5905,Parasutterella_564865,Undirected,0.455050754516174,Positive,0.406060639693219
Anaerotruncus,Dysosmobacter,Undirected,0.419427156021372,Positive,0.325870345669135
Anaerotruncus,Lawsonibacter,Undirected,0.411599357031848,Positive,0.30756936670933
Anaerotruncus,Intestinimonas,Undirected,0.408548130453821,Positive,0.30036937202066
Dysosmobacter,Merdimmobilis,Undirected,0.466635074376424,Positive,0.431043712229113
Dysosmobacter,Anaerobutyricum,Undirected,0.162745848103563,Negative,-0.401989029735643
Dysosmobacter,Romboutsia_B,Undirected,0.171962594969357,Negative,-0.371291888259763
Dysosmobacter,Intestinibacter,Undirected,0.171469934735222,Negative,-0.372924138095313
Dysosmobacter,Lawsonibacter,Undirected,0.519358471338707,Positive,0.537967441852271
Dysosmobacter,Blautia_A_141893,Undirected,0.188941908724624,Negative,-0.315630454846511
Dysosmobacter,Intestinimonas,Undirected,0.425032262435707,Positive,0.338824201520396
Dysosmobacter,Faecousia,Undirected,0.415388289599315,Positive,0.31645829612477
Dysosmobacter,Parasutterella_564865,Undirected,0.469004535367936,Positive,0.436087633080356
Dysosmobacter,1_QAKW01(F),Undirected,0.413665639154151,Positive,0.312424034582979
Bariatricus,Dorea_A,Undirected,0.435558726527065,Positive,0.362812097600504
Bariatricus,Lentihominibacter,Undirected,0.427102200225233,Positive,0.343576222026462
2_Oscillospiraceae_88309(F),Faecousia,Undirected,0.419800148854448,Positive,0.326736265461358
Merdimmobilis,CAG-177,Undirected,0.418732109582011,Positive,0.324255279138041
Merdimmobilis,Lawsonibacter,Undirected,0.435234730488725,Positive,0.362080380707715
Merdimmobilis,Gordonibacter,Undirected,0.177800809345149,Negative,-0.352023018226985
Anaerobutyricum,Dorea_A,Undirected,0.436377597706996,Positive,0.364659575266927
Anaerobutyricum,Romboutsia_B,Undirected,0.466416845748121,Positive,0.430578034997232
Anaerobutyricum,Lentihominibacter,Undirected,0.447283084790486,Positive,0.389008023282558
Anaerobutyricum,Coprococcus_A_187866,Undirected,0.416870523360057,Positive,0.319920026947251
Anaerobutyricum,Intestinibacter,Undirected,0.497077391691366,Positive,0.49413770010408
Anaerobutyricum,Fusicatenibacter,Undirected,0.509247343279628,Positive,0.518323659843793
Anaerobutyricum,Mediterraneibacter_A_155507,Undirected,0.409939476874322,Positive,0.303657158097303
Anaerobutyricum,Gordonibacter,Undirected,0.421849583993015,Positive,0.3314841929419
Angelakisella,Desulfovibrio_446353,Undirected,0.411252095594905,Positive,0.306751810117219
Dorea_A,Lentihominibacter,Undirected,0.517006827939058,Positive,0.533435191485019
Dorea_A,Coprococcus_A_187866,Undirected,0.420762285458993,Positive,0.328967340106621
Dorea_A,Acetatifactor,Undirected,0.170356144944445,Negative,-0.376617852462885
Dorea_A,Lawsonibacter,Undirected,0.181589735669517,Negative,-0.339590721522982
Dorea_A,Mediterraneibacter_A_155507,Undirected,0.511350082143874,Positive,0.522442515558402
Dorea_A,Blautia_A_141893,Undirected,0.410642972714193,Positive,0.305316588777673
Dorea_A,Parasutterella_564865,Undirected,0.192690628340124,Negative,-0.303496843139729
Ruthenibacterium,Hominilimicola,Undirected,0.16454119934757,Negative,-0.395982815175192
Lachnospira,Roseburia_A_166204,Undirected,0.454045962963143,Positive,0.403868378886317
Lachnospira,Acetatifactor,Undirected,0.43606590711266,Positive,0.363956677758665
Hominimerdicola,Agathobacter_164117,Undirected,0.418068035277394,Positive,0.322710376868174
Hominimerdicola,Eubacterium_F,Undirected,0.448957765636866,Positive,0.39270491189617
Hominimerdicola,Ruminococcus_C_58660,Undirected,0.444030420043213,Positive,0.381795652325347
Romboutsia_B,Lentihominibacter,Undirected,0.454243628388912,Positive,0.4042999656918
Romboutsia_B,Terrisporobacter,Undirected,0.441509027341586,Positive,0.376175666918118
Romboutsia_B,Intestinibacter,Undirected,0.576853213568803,Positive,0.641893594265903
Romboutsia_B,Lawsonibacter,Undirected,0.191468310859602,Negative,-0.307446984688449
Romboutsia_B,Blautia_A_141893,Undirected,0.415457781130349,Positive,0.316620788717891
Romboutsia_B,Eubacterium_F,Undirected,0.168616752084216,Negative,-0.382396209829996
Romboutsia_B,Faecousia,Undirected,0.164858278412648,Negative,-0.394923390271772
1_Anaerovoracaceae(F),Mediterraneibacter_A_155507,Undirected,0.423263033013454,Positive,0.334748941822319
Lentihominibacter,Coprococcus_A_187866,Undirected,0.409982013230048,Positive,0.303757550575866
Lentihominibacter,Terrisporobacter,Undirected,0.41959999577936,Positive,0.326271670201363
Lentihominibacter,Intestinibacter,Undirected,0.465703330006348,Positive,0.429054136867389
Lentihominibacter,Hominibacterium,Undirected,0.420255012714597,Positive,0.327791499434896
Lentihominibacter,Lawsonibacter,Undirected,0.171820726477495,Negative,-0.371761818184527
Lentihominibacter,Mediterraneibacter_A_155507,Undirected,0.460266907313006,Positive,0.417376377317066
Lentihominibacter,Blautia_A_141893,Undirected,0.409047040827732,Positive,0.301549200091081
Terrisporobacter,Intestinibacter,Undirected,0.539475257660775,Positive,0.57583392338678
Terrisporobacter,Faecousia,Undirected,0.186375649690375,Negative,-0.323969166833518
Intestinibacter,Faecousia,Undirected,0.17964703027117,Negative,-0.345957989885822
CAG-177,RUG13077,Undirected,0.439390214282846,Positive,0.371433336316332
Enterocloster,Roseburia_A_166204,Undirected,0.411569861382903,Positive,0.307499943934129
Enterocloster,Alitiscatomonas,Undirected,0.423520587608326,Positive,0.3353429741771
Enterocloster,Eisenbergiella,Undirected,0.450897877150455,Positive,0.396973717364246
Roseburia_A_166204,Acetatifactor,Undirected,0.442603029392617,Positive,0.378617234315424
Roseburia_A_166204,Eisenbergiella,Undirected,0.431021373091237,Positive,0.352526644242037
Acetatifactor,Lawsonibacter,Undirected,0.465975388916018,Positive,0.429635429513203
Acetatifactor,Faecousia,Undirected,0.413900802067918,Positive,0.312975460366739
Acetatifactor,Anaerotardibacter,Undirected,0.159768721304456,Negative,-0.411977203396698
Lawsonibacter,Anaerotardibacter,Undirected,0.188249304519689,Negative,-0.317878383225536
Lawsonibacter,Parasutterella_564865,Undirected,0.46717784581851,Positive,0.432201104026793
Sellimonas,Faecousia,Undirected,0.172550493961764,Negative,-0.369345370085841
Ventrisoma,1_Aristaeellaceae(F),Undirected,0.44060643024669,Positive,0.374157668237298
Coprococcus_A_121497,Faecousia,Undirected,0.41863452374926,Positive,0.3240283660475
Eubacterium_F,Faecousia,Undirected,0.46530082813476,Positive,0.428193591213252
RUG13077,1_CAG-138(F),Undirected,0.418476633076577,Positive,0.323661147444093
