,Label,Id_high,cluster_high,degree_high,betweenness_high,closeness_high,eigenvector_high,abundance_high,Id_low,cluster_low,degree_low,betweenness_low,closeness_low,eigenvector_low,abundance_low,Id_pibd,cluster_pibd,degree_pibd,betweenness_pibd,closeness_pibd,eigenvector_pibd,abundance_pibd,phylum
135,Sutterella,1.0,I,0.0106382978723404,0.0,0.526809422838106,0.105145578237272,70.0,,,,,,,,,,,,,,,Pseudomonadota
79,Gemmiger_A_73129,2.0,II,0.0372340425531915,0.167105263157895,0.620745528937971,0.0006158091071543,16191.0,2.0,III,0.0797872340425532,0.279323850752422,0.746535016545392,0.364134691019075,10857.0,3.0,I,0.0265957446808511,0.0003086419753086,0.558780293928122,0.415493036292816,10823.0,Bacillota_A_368345
108,Methanobrevibacter_A,3.0,III,0.0159574468085106,0.0013157894736842,0.456678003264996,0.0191957044452006,2785.0,3.0,IV,0.0053191489361702,0.0,0.377732893512574,0.0015673404432443,796.0,,,,,,,,Methanobacteriota_A_1229
35,Bacteroides_H_857956,4.0,I,0.122340425531915,0.0964912280701754,0.872304421153168,0.912476721080401,30354.0,4.0,I,0.0425531914893617,0.0886415172129458,0.609028698834022,0.0396917887069808,9672.0,4.0,I,0.0372340425531915,0.0759259259259259,0.62897756402025,0.676888830561506,27198.0,Bacteroidota
38,Bifidobacterium_388775,5.0,II,0.0957446808510638,0.0212719298245614,0.756596131269496,0.0007235367585386,20069.0,5.0,II,0.0372340425531915,0.0422593279736137,0.644633106681251,0.456533497626589,29916.0,6.0,III,0.0159574468085106,0.0003086419753086,0.53072617084572,0.029955387840648,21583.0,Actinomycetota
61,Enterococcus_B,6.0,II,0.0159574468085106,0.0,0.500668339442893,9.32002165287448e-05,2244.0,6.0,VI,0.0053191489361702,0.0,0.335262156308877,0.0081398668555188,3019.0,7.0,II,0.0212765957446809,0.0558641975308642,0.540186418903772,0.0057515464769578,4619.0,Bacillota_I
65,Eubacterium_G_180878,7.0,I,0.0372340425531915,0.239035087719298,0.684093659358962,0.165705972011741,477.0,8.0,IV,0.0159574468085106,0.01566687280973,0.501188269248756,0.0282517466723954,229.0,9.0,I,0.0106382978723404,0.0,0.501384389366976,0.18689292514579,625.0,Bacillota_A_368345
7,1_Christensenellales(O),8.0,I,0.0319148936170213,0.0,0.615372605200365,0.320343156087029,298.0,9.0,I,0.0159574468085106,0.0,0.443610769540948,0.0036716854113397,75.0,,,,,,,,Bacillota_A_368345
78,Gemella,9.0,II,0.0159574468085106,0.0,0.514514034980712,0.0001355093384637,136.0,12.0,II,0.0425531914893617,0.015460729746444,0.604533766834296,0.572799022949169,1069.0,13.0,V,0.0212765957446809,0.0475308641975309,0.47088970702821,0.0029646470152695,1121.0,Bacillota_I
81,Granulicatella,10.0,II,0.0053191489361702,0.0,0.474481785570242,4.59513792604773e-05,131.0,13.0,II,0.0638297872340425,0.0923520923520924,0.660514909212936,0.682579554815602,577.0,14.0,V,0.0425531914893617,0.0453703703703704,0.606447100196153,0.011869558651531,801.0,Bacillota_I
134,Streptococcus,11.0,II,0.117021276595745,0.134649122807018,0.762154212096821,0.0006267514133628,5768.0,14.0,II,0.0638297872340425,0.297052154195011,0.7071392914043,0.723564302504278,11438.0,15.0,V,0.0372340425531915,0.041358024691358,0.586640968874227,0.0097539947563568,9467.0,Bacillota_I
143,Veillonella_A,12.0,I,0.0319148936170213,0.0425438596491228,0.517075978527714,0.0131144081924089,3190.0,15.0,II,0.0265957446808511,0.054421768707483,0.522434686164414,0.298741783190323,2453.0,16.0,V,0.0319148936170213,0.0725308641975309,0.605543982136869,0.0146624332403967,6580.0,Bacillota_C
49,Collinsella,13.0,II,0.0478723404255319,0.0388157894736842,0.635505541277395,0.0003611790004263,3919.0,17.0,III,0.0053191489361702,0.0,0.424340606240805,0.0185630415057401,4933.0,19.0,I,0.0372340425531915,0.0623456790123457,0.631760898088131,0.482076368353865,5825.0,Actinomycetota
138,Turicibacter,14.0,II,0.0372340425531915,0.0,0.576467721857496,0.0002984375510826,661.0,18.0,II,0.0212765957446809,0.0,0.56825033920756,0.160915515584033,1093.0,20.0,II,0.0106382978723404,0.0,0.507085002112715,0.010811994640496,980.0,Bacillota_I
11,1_Eggerthellaceae(F),15.0,0,0.0,0.0,0.0,0.0,62.0,,,,,,,,,,,,,,,Actinomycetota
127,Ruminococcus_E,16.0,II,0.0319148936170213,0.0,0.568638242922501,0.0002594152615187,8912.0,19.0,III,0.0212765957446809,0.0140177283034426,0.548266905997279,0.0897232816091898,6068.0,21.0,IV,0.0106382978723404,0.0006172839506172,0.444426341051235,0.0748131172601027,4269.0,Bacillota_A_368345
69,Faecalibacillus,17.0,II,0.0585106382978723,0.325,0.697611308733064,0.0014306976477675,2139.0,20.0,III,0.0531914893617021,0.0346320346320346,0.709867824805155,0.35689242792823,5211.0,22.0,I,0.0053191489361702,0.0,0.461788436456445,0.129359305998204,2199.0,Bacillota_I
137,Thomasclavelia,18.0,II,0.0372340425531915,0.0410087719298246,0.542099307701802,0.0001345008791211,584.0,21.0,II,0.0531914893617021,0.0018552875695732,0.648726713780183,0.781729758378723,4924.0,23.0,V,0.0265957446808511,0.0203703703703704,0.606512610776747,0.0188001950267349,1181.0,Bacillota_I
50,Coprobacillus,19.0,I,0.0106382978723404,0.0,0.537770517539874,0.129567673158798,69.0,22.0,II,0.0053191489361702,0.0,0.395830340825357,0.0440298164794197,650.0,,,,,,,,Bacillota_I
26,Alistipes_A_871400,20.0,I,0.117021276595745,0.0745614035087719,0.857665152700388,1.0,10527.0,24.0,I,0.0425531914893617,0.0667903525046382,0.561951807996926,0.0191179510302734,1197.0,24.0,I,0.0425531914893617,0.0790123456790123,0.586064095993488,0.358791864220085,2868.0,Bacteroidota
58,Eggerthella,21.0,II,0.0425531914893617,0.0,0.588975448354477,0.0003321173141308,397.0,25.0,II,0.0691489361702128,0.0632859204287776,0.668340048513044,0.762339229854234,4716.0,27.0,III,0.0265957446808511,0.0518518518518519,0.619846117814764,0.0462841547419905,2553.0,Actinomycetota
25,Akkermansia,22.0,VI,0.0053191489361702,0.0,0.372007254201463,0.0019308246931655,48164.0,26.0,0,0.0,0.0,0.0,0.0,30710.0,,,,,,,,Verrucomicrobiota
70,Faecalibacterium,23.0,I,0.0212765957446809,0.0548245614035088,0.575602607265848,0.0182300963215642,11091.0,27.0,III,0.0531914893617021,0.059575345289631,0.67320586513341,0.291002611620704,9722.0,28.0,I,0.0585106382978723,0.159876543209877,0.698323108138125,0.949999293728936,32826.0,Bacillota_A_368345
40,Blautia_A_141781,24.0,II,0.0851063829787234,0.141666666666667,0.756363059752805,0.0007228142709208,5858.0,28.0,II,0.0265957446808511,0.0859616573902288,0.600102686369338,0.252132134582868,17741.0,30.0,III,0.0531914893617021,0.266049382716049,0.720243311372044,0.130919997765194,10189.0,Bacillota_A_368345
5,1_CAG-508(F),25.0,III,0.0265957446808511,0.0530701754385965,0.576830348443541,0.10180988181066,1891.0,29.0,I,0.0212765957446809,0.0202020202020202,0.447512009000298,0.0028323874378256,1561.0,31.0,VIII,0.0,0.0,0.0,0.0,273.0,Bacillota_A_368345
45,CAG-269,26.0,I,0.0265957446808511,0.0006578947368421,0.608838930646358,0.186503689410524,863.0,31.0,III,0.0106382978723404,0.0,0.449283569747642,0.0326252917797782,1801.0,,,,,,,,Bacillota_A_368345
85,Hominicoprocola,27.0,I,0.0957446808510638,0.111184210526316,0.775766767132856,0.627842912414794,1594.0,32.0,I,0.0372340425531915,0.0770975056689342,0.542964494103803,0.0122822996728865,286.0,32.0,IV,0.0212765957446809,0.05,0.479408191290281,0.0755248805379884,323.0,Bacillota_A_368345
111,Odoribacter_865974,28.0,I,0.0585106382978723,0.0013157894736842,0.696638209013609,0.608597918821877,389.0,,,,,,,,33.0,I,0.0159574468085106,0.0,0.465421684879354,0.145874397879975,221.0,Bacteroidota
118,Phocaeicola_A,29.0,I,0.111702127659574,0.182675438596491,0.86804254882103,0.926305009170914,20341.0,33.0,I,0.0212765957446809,0.0251494537208823,0.561437509250138,0.0404823990694176,7144.0,34.0,I,0.0531914893617021,0.062037037037037,0.672206520733341,0.935059984588877,14724.0,Bacteroidota
15,1_Oscillospiraceae_88309(F),30.0,I,0.0372340425531915,0.0,0.621577906942648,0.420929868400282,73.0,,,,,,,,,,,,,,,Bacillota_A_368345
66,Eubacterium_R,31.0,VII,0.0106382978723404,0.0032894736842105,0.502081482269201,0.0282560329422827,2236.0,34.0,III,0.0053191489361702,0.0,0.462119437011463,0.0336825275910781,2234.0,35.0,X,0.0,0.0,0.0,0.0,2430.0,Bacillota_A_368345
116,Pauljensenia,32.0,II,0.0478723404255319,0.0,0.580668986781859,0.000371193323169,101.0,36.0,II,0.0212765957446809,0.0006184291898577,0.480237695329334,0.184685899443177,402.0,36.0,V,0.0159574468085106,0.0003086419753086,0.480749588050104,0.0043010753999426,289.0,Actinomycetota
120,Prevotella,33.0,V,0.0,0.0,0.0,0.0,4448.0,37.0,I,0.0265957446808511,0.0098948670377241,0.52033130690981,0.0135126281357241,194.0,80.0,VII,0.0053191489361702,0.0,0.353713045234412,0.0091252398026002,1588.0,Bacteroidota
114,Parabacteroides_B_862066,34.0,I,0.0638297872340425,0.024780701754386,0.694419088222038,0.628661198582403,4529.0,38.0,I,0.0159574468085106,0.0,0.488938681383407,0.0115187248986559,570.0,37.0,I,0.0319148936170213,0.033641975308642,0.525690192171245,0.288911687646902,1876.0,Bacteroidota
145,Vescimonas,35.0,I,0.0585106382978723,0.0337719298245614,0.709049116501751,0.444084800240089,3866.0,39.0,I,0.0319148936170213,0.191094619666048,0.618805940565201,0.0493300733678256,252.0,38.0,IV,0.0265957446808511,0.0765432098765432,0.542490235301409,0.117640762513576,1089.0,Bacillota_A_368345
27,Alistipes_A_871404,36.0,I,0.0904255319148936,0.0081140350877193,0.760117884436853,0.811400308210065,1042.0,,,,,,,,82.0,VIII,0.0,0.0,0.0,0.0,64.0,Bacteroidota
101,Limiplasma,37.0,VIII,0.0265957446808511,0.174122807017544,0.624730125906505,0.0782195754014449,646.0,40.0,IV,0.0212765957446809,0.0261801690373119,0.508549470079396,0.0145900011813244,338.0,,,,,,,,Bacillota_A_368345
46,Clostridium_AP_143938,38.0,IV,0.0106382978723404,0.0006578947368421,0.391925820673251,6.849589347019e-06,96.0,41.0,II,0.0425531914893617,0.0018552875695732,0.583913466029174,0.500960263334802,397.0,39.0,III,0.0159574468085106,0.0074074074074074,0.546093769073218,0.0158691403230934,918.0,Bacillota_A_368345
43,Butyricimonas,39.0,I,0.0265957446808511,0.0,0.587594776742086,0.293308122080075,246.0,,,,,,,,,,,,,,,Bacteroidota
31,Anaerostipes,40.0,II,0.0585106382978723,0.0144736842105263,0.693344756514267,0.0005731220251967,2678.0,42.0,III,0.0372340425531915,0.28447742733457,0.672059927930255,0.33494139835751,4522.0,40.0,III,0.0265957446808511,0.0833333333333333,0.622947120704678,0.077978423118354,2622.0,Bacillota_A_368345
24,Agathobaculum,41.0,I,0.0212765957446809,0.0019736842105263,0.5361318824895,0.0171976119769948,376.0,43.0,IV,0.0265957446808511,0.0247371675943105,0.528602610418601,0.0612554505630284,323.0,41.0,I,0.0638297872340425,0.244444444444444,0.725377053673861,0.879202518976858,1097.0,Bacillota_A_368345
48,Clostridium_T,42.0,II,0.0851063829787234,0.0333333333333333,0.711844641633341,0.0005699756011659,2329.0,44.0,II,0.0372340425531915,0.0313337456194599,0.627557551299236,0.351348979855972,5632.0,42.0,II,0.0478723404255319,0.202160493827161,0.66524666765895,0.0257811434126422,4866.0,Bacillota_A_368345
37,Barnesiella_B,43.0,I,0.074468085106383,0.006359649122807,0.71678892962391,0.706294621788374,4248.0,45.0,I,0.0106382978723404,0.0,0.447843207439501,0.0066520308350303,1177.0,,,,,,,,Bacteroidota
110,Nanosynbacter,44.0,II,0.0106382978723404,0.0,0.483289444143537,7.6817274032468e-05,171.0,46.0,II,0.0425531914893617,0.0020614306328592,0.605031972675026,0.488068270393671,157.0,74.0,V,0.0159574468085106,0.0027777777777777,0.531271347409768,0.009842258466552,115.0,Patescibacteria
6,1_Chloroplast(C),45.0,IV,0.0265957446808511,0.0407894736842105,0.513726032381723,8.6572782485931e-05,449.0,47.0,II,0.0159574468085106,0.0202020202020202,0.475392929587126,0.138858607487467,1381.0,,,,,,,,Cyanobacteriota
139,UBA5905,46.0,I,0.0691489361702128,0.0008771929824561,0.703215093757719,0.642885315959967,630.0,87.0,I,0.0053191489361702,0.0,0.396779440280989,0.0020454708451561,95.0,,,,,,,,Bacillota_A_368345
33,Anaerotruncus,47.0,I,0.0319148936170213,0.0,0.589587785302228,0.323455367421335,173.0,,,,,,,,84.0,I,0.0053191489361702,0.0,0.37911088485737,0.0403401806668688,344.0,Bacillota_A_368345
57,Dysosmobacter,48.0,I,0.0904255319148936,0.0171052631578947,0.77383657699434,0.814135638695505,1529.0,88.0,I,0.0053191489361702,0.0,0.399080528144307,0.0020996680862014,117.0,43.0,I,0.0265957446808511,0.0271604938271605,0.5294235007786,0.336832624240321,575.0,Bacillota_A_368345
36,Bariatricus,49.0,II,0.0159574468085106,0.0,0.524700628050382,0.0001291382101011,732.0,48.0,III,0.0372340425531915,0.0397856112141826,0.600802951712331,0.178012606149842,778.0,44.0,I,0.0265957446808511,0.0827160493827161,0.608310784541993,0.323522746848893,2466.0,Bacillota_A_368345
19,2_Oscillospiraceae_88309(F),50.0,I,0.0106382978723404,0.0,0.521782634267818,0.0736808715412927,71.0,,,,,,,,,,,,,,,Bacillota_A_368345
105,Merdimmobilis,51.0,I,0.0372340425531915,0.0111842105263158,0.637326525995149,0.383009306963791,371.0,,,,,,,,45.0,I,0.0265957446808511,0.0,0.555972635398651,0.41062713303521,259.0,Bacillota_A_368345
29,Anaerobutyricum,52.0,II,0.0957446808510638,0.0208333333333333,0.740897513864785,0.0007136049372878,1033.0,49.0,III,0.0478723404255319,0.241393527107813,0.706025981680043,0.344870239004926,1423.0,46.0,I,0.0159574468085106,0.0783950617283951,0.588659112860046,0.27705482217141,342.0,Bacillota_A_368345
34,Angelakisella,53.0,III,0.0053191489361702,0.0,0.329567497460845,0.0004722559418995,133.0,,,,,,,,,,,,,,,Bacillota_A_368345
56,Dorea_A,54.0,II,0.074468085106383,0.0480263157894737,0.714159261198483,0.0005898328151266,2067.0,50.0,III,0.074468085106383,0.164089878375593,0.738539070965245,0.461723083324329,4572.0,47.0,I,0.0585106382978723,0.105246913580247,0.707706867789552,1.0,4137.0,Bacillota_A_368345
128,Ruthenibacterium,55.0,0,0.0,0.0,0.0,0.0,1542.0,51.0,VII,0.0106382978723404,0.0593692022263451,0.483714197772114,0.0346705053387452,716.0,48.0,I,0.0372340425531915,0.0290123456790123,0.601769450026003,0.547468439823605,937.0,Bacillota_A_368345
93,Lachnospira,56.0,I,0.0212765957446809,0.000438596491228,0.569426489602534,0.0485189355076863,547.0,80.0,IV,0.0053191489361702,0.0,0.386737155675446,0.0063840102218988,261.0,49.0,I,0.0159574468085106,0.0246913580246914,0.499938971336571,0.264598649647055,379.0,Bacillota_A_368345
87,Hominimerdicola,57.0,VII,0.0159574468085106,0.0425438596491228,0.571581548925422,0.0279920573429312,1630.0,52.0,III,0.0319148936170213,0.0267985982271697,0.5857358713459,0.119757513860618,2162.0,88.0,I,0.0053191489361702,0.0,0.373264601567335,0.0354552099287129,284.0,Bacillota_A_368345
123,Romboutsia_B,58.0,II,0.0638297872340425,0.0024122807017543,0.669288282671631,0.0004574560163745,8481.0,53.0,II,0.0372340425531915,0.129251700680272,0.662454450431505,0.335380874545124,4116.0,51.0,II,0.0212765957446809,0.169444444444444,0.62062373123437,0.0476355270608022,2242.0,Bacillota_A_368345
1,1_Anaerovoracaceae(F),59.0,II,0.0053191489361702,0.0,0.427254701877132,2.12787206761167e-05,427.0,,,,,,,,,,,,,,,Bacillota_A_368345
100,Lentihominibacter,60.0,II,0.0904255319148936,0.0802631578947368,0.712640897615293,0.0005698316669924,907.0,54.0,III,0.0585106382978723,0.107400535971965,0.688317055070196,0.32162498979194,1323.0,52.0,I,0.0053191489361702,0.0,0.426613357107434,0.0792437690382491,624.0,Bacillota_A_368345
136,Terrisporobacter,61.0,II,0.0372340425531915,0.000219298245614,0.576867781634166,0.0002552097484356,674.0,55.0,II,0.0319148936170213,0.0,0.626132534358466,0.266116709641819,998.0,86.0,II,0.0053191489361702,0.0,0.45153646915416,0.003478219253847,308.0,Bacillota_A_368345
90,Intestinibacter,62.0,II,0.0585106382978723,0.0219298245614035,0.665071181542148,0.0004476708377328,2504.0,56.0,III,0.0478723404255319,0.023294166151309,0.669135157961,0.32448384513007,3082.0,53.0,III,0.0265957446808511,0.0185185185185185,0.622009056803337,0.0447363395616652,1110.0,Bacillota_A_368345
44,CAG-177,63.0,III,0.0372340425531915,0.043640350877193,0.589566575218847,0.140656568737073,1095.0,58.0,I,0.0159574468085106,0.0,0.439968931425491,0.0025048287573368,892.0,54.0,IV,0.0106382978723404,0.0246913580246914,0.372878505378822,0.0106175778805725,158.0,Bacillota_A_368345
60,Enterocloster,64.0,I,0.0265957446808511,0.0282894736842105,0.589936471531827,0.135799983566935,295.0,59.0,VI,0.0212765957446809,0.0597814883529169,0.444807333333956,0.0775347679434422,1456.0,55.0,III,0.0372340425531915,0.0395061728395062,0.599972034218673,0.0299453716087091,1609.0,Bacillota_A_368345
124,Roseburia_A_166204,65.0,I,0.0372340425531915,0.062280701754386,0.59960637173503,0.0495905503915086,2057.0,61.0,III,0.0372340425531915,0.0272108843537415,0.600660675304649,0.18246651123344,2256.0,57.0,III,0.0053191489361702,0.0,0.405133412998534,0.0032053134297388,1660.0,Bacillota_A_368345
20,Acetatifactor,66.0,I,0.0531914893617021,0.0366228070175439,0.679963641594519,0.441224269283273,874.0,65.0,I,0.0053191489361702,0.0,0.414534505043362,0.0020264578613467,67.0,,,,,,,,Bacillota_A_368345
99,Lawsonibacter,67.0,I,0.0797872340425532,0.0019736842105263,0.731312892208694,0.769678235925138,348.0,,,,,,,,87.0,I,0.0053191489361702,0.0,0.385971033089167,0.0472504738202412,229.0,Bacillota_A_368345
131,Sellimonas,68.0,IV,0.0106382978723404,0.0006578947368421,0.40834357994872,1.02086376393465e-05,81.0,68.0,II,0.0425531914893617,0.0010307153164296,0.597139991590413,0.592838153884513,437.0,72.0,III,0.0319148936170213,0.0222222222222222,0.602615334446238,0.0426341308436769,749.0,Bacillota_A_368345
144,Ventrisoma,69.0,VIII,0.0106382978723404,0.0,0.485079359780072,0.0057765273519928,349.0,103.0,VII,0.0053191489361702,0.0,0.31141239685389,0.0003945973139653,181.0,,,,,,,,Bacillota_A_368345
51,Coprococcus_A_121497,70.0,VI,0.0106382978723404,0.0208333333333333,0.492031762283138,0.0284405519935518,513.0,93.0,I,0.0106382978723404,0.0,0.405295270732437,0.0027376996796709,104.0,,,,,,,,Bacillota_A_368345
64,Eubacterium_F,71.0,I,0.0425531914893617,0.0280701754385965,0.679169078880417,0.360101953166805,632.0,94.0,I,0.0106382978723404,0.0080395794681509,0.484657824090227,0.0140171815879534,150.0,,,,,,,,Bacillota_A_368345
122,RUG13077,72.0,III,0.0106382978723404,0.0208333333333333,0.430437886531142,0.0102310785037897,126.0,,,,,,,,,,,,,,,Bacillota_A_368345
104,Mediterraneibacter_A_155507,73.0,II,0.0319148936170213,0.0291666666666667,0.608074930215812,0.0003051360748147,2897.0,71.0,III,0.0265957446808511,0.0212327355184498,0.606564146804239,0.200736183048616,4163.0,69.0,I,0.0212765957446809,0.0,0.549135606877869,0.357179093904239,2821.0,Bacillota_A_368345
30,Anaeromassilibacillus,74.0,II,0.0053191489361702,0.0,0.430930631302957,4.17261013660015e-05,205.0,,,,,,,,,,,,,,,Bacillota_A_368345
2,1_Aristaeellaceae(F),75.0,VIII,0.0159574468085106,0.155921052631579,0.564900998808421,0.0067490838853676,511.0,78.0,III,0.0053191489361702,0.0,0.486613292576355,0.038574946104742,135.0,,,,,,,,Bacillota_A_368345
102,Limivicinus,76.0,III,0.0106382978723404,0.006578947368421,0.495582511835611,0.0322738331484146,390.0,75.0,I,0.0159574468085106,0.0593692022263451,0.453448411783381,0.0035378514741289,67.0,83.0,X,0.0,0.0,0.0,0.0,139.0,Bacillota_A_368345
0,1_Anaerotignaceae(F),77.0,I,0.0053191489361702,0.0,0.517373344519396,0.0618395233151089,259.0,,,,,,,,,,,,,,,Bacillota_A_368345
84,Hominibacterium,78.0,II,0.0159574468085106,0.0,0.5283628298933,0.0001550083410921,102.0,,,,,,,,,,,,,,,Bacillota_A_368345
41,Blautia_A_141893,79.0,II,0.0212765957446809,0.0,0.537618125358967,0.0001521332973942,146.0,73.0,III,0.0212765957446809,0.0202020202020202,0.522115170137321,0.0597478868968779,189.0,,,,,,,,Bacillota_A_368345
115,Parasutterella_564865,80.0,I,0.0478723404255319,0.0,0.626900824983676,0.522093663251352,307.0,106.0,VI,0.0053191489361702,0.0,0.285046135701004,0.0009561875724965,514.0,92.0,VI,0.0053191489361702,0.0,0.375268577666231,0.0165854462447982,3038.0,Pseudomonadota
142,UMGS1071,81.0,I,0.0106382978723404,0.0138157894736842,0.547870887056737,0.0625119274087091,482.0,102.0,II,0.0053191489361702,0.0,0.36662496756509,0.0263526032268063,426.0,73.0,I,0.0265957446808511,0.191666666666667,0.660107203352591,0.389115768272759,664.0,Bacillota_A_368345
76,Fusicatenibacter,82.0,II,0.0372340425531915,0.0296052631578947,0.598368225186232,0.0003398070998592,824.0,57.0,III,0.0531914893617021,0.0191713048855906,0.687200014014809,0.325094037678394,2148.0,,,,,,,,Bacillota_A_368345
72,Faecousia,83.0,I,0.0691489361702128,0.125219298245614,0.734116900944876,0.410445083575096,1242.0,79.0,I,0.0691489361702128,0.137909709338281,0.615057677425537,0.0194896897574107,303.0,89.0,IV,0.0053191489361702,0.0,0.299601545990754,0.0014531981404844,107.0,Bacillota_A_368345
80,Gordonibacter,84.0,II,0.0212765957446809,0.0,0.554523556293533,0.0002238942799595,151.0,104.0,VII,0.0053191489361702,0.0,0.311252419433235,0.0003933610605858,226.0,,,,,,,,Actinomycetota
23,Agathobacter_164117,85.0,I,0.0212765957446809,0.32719298245614,0.631188043645951,0.0154369338102023,5064.0,60.0,III,0.0425531914893617,0.13440527726242,0.665162135699386,0.193460768730794,4687.0,56.0,I,0.0372340425531915,0.054320987654321,0.635055914335296,0.716747198806482,2230.0,Bacillota_A_368345
132,Slackia,86.0,IV,0.0106382978723404,0.0,0.482969559416684,4.94493509121574e-05,310.0,,,,,,,,,,,,,,,Actinomycetota
32,Anaerotardibacter,87.0,II,0.0106382978723404,0.0,0.497254271755472,6.93616549082091e-05,315.0,105.0,III,0.0053191489361702,0.0,0.385660972906666,0.0062608679403717,242.0,,,,,,,,Actinomycetota
86,Hominilimicola,88.0,I,0.0053191489361702,0.0,0.376064463138096,0.0008825629927341,753.0,96.0,IV,0.0106382978723404,0.0016491445062873,0.464389818112873,0.0271996364689833,2893.0,70.0,I,0.0265957446808511,0.0098765432098765,0.556447043344798,0.438899714918681,908.0,Bacillota_A_368345
82,Haemophilus_D_735815,89.0,I,0.0053191489361702,0.0,0.388368175442873,0.0010247938273586,369.0,82.0,II,0.0212765957446809,0.0032982890125747,0.505692978514584,0.193180541147893,1215.0,67.0,V,0.0372340425531915,0.0660493827160494,0.587258371865164,0.0091821152782014,6846.0,Pseudomonadota
88,Hungatella_A_128155,90.0,0,0.0,0.0,0.0,0.0,173.0,,,,,,,,91.0,V,0.0212765957446809,0.0277777777777778,0.522881673100014,0.0097049376174955,397.0,Bacillota_A_368345
125,Ruminococcus_B,91.0,II,0.0053191489361702,0.0,0.385995049398282,9.33088553297711e-06,236.0,77.0,II,0.0851063829787234,0.167182024324881,0.702366143753091,1.0,3330.0,76.0,III,0.0478723404255319,0.117283950617284,0.669256240791999,0.0466125431033856,3809.0,Bacillota_A_368345
91,Intestinimonas,92.0,I,0.0159574468085106,0.0,0.532062167861471,0.148494619243199,173.0,99.0,0,0.0,0.0,0.0,0.0,41.0,,,,,,,,Bacillota_A_368345
8,1_Clostridia_258483(C),93.0,0,0.0,0.0,0.0,0.0,138.0,,,,,,,,,,,,,,,Bacillota_A_368345
4,1_CAG-138(F),94.0,III,0.0053191489361702,0.0,0.33522098239069,0.0007053980399607,90.0,,,,,,,,,,,,,,,Bacillota_A_368345
17,1_QAKW01(F),95.0,I,0.0106382978723404,0.0,0.503910169711014,0.110842782506752,73.0,,,,,,,,,,,,,,,Bacillota_A_368345
53,Desulfovibrio_446353,96.0,III,0.0106382978723404,0.0208333333333333,0.421054468706878,0.0069699183130965,256.0,,,,,,,,,,,,,,,Desulfobacterota_G_459543
126,Ruminococcus_C_58660,97.0,VII,0.0106382978723404,0.0059210526315789,0.45405572795376,0.003998990244077,206.0,100.0,III,0.0053191489361702,0.0,0.426363596134106,0.0163345052524381,191.0,79.0,IV,0.0106382978723404,0.0,0.419984430604313,0.058223181770856,222.0,Bacillota_A_368345
55,Dialister_37762,98.0,V,0.0,0.0,0.0,0.0,862.0,81.0,0,0.0,0.0,0.0,0.0,337.0,78.0,I,0.0212765957446809,0.0,0.53635782034398,0.378651482113429,2042.0,Bacillota_C
129,SFLA01,99.0,VIII,0.0053191489361702,0.0,0.4473564127528,0.0056168212691233,146.0,,,,,,,,,,,,,,,Bacillota_A_368345
14,1_Mitochondria(F),100.0,IV,0.0053191489361702,0.0,0.373129263725564,6.14632766503199e-06,27.0,97.0,II,0.0053191489361702,0.0,0.373731198155881,0.0181902879933709,90.0,,,,,,,,Pseudomonadota
52,Coprococcus_A_187866,101.0,II,0.0159574468085106,0.0,0.51058396130196,0.0001283913327194,103.0,,,,,,,,,,,,,,,Bacillota_A_368345
28,Alitiscatomonas,102.0,I,0.0053191489361702,0.0,0.418922929646,0.0094757994947533,64.0,66.0,II,0.0106382978723404,0.0,0.461952063795671,0.0938459336875117,114.0,,,,,,,,Bacillota_A_368345
59,Eisenbergiella,103.0,I,0.0106382978723404,0.0,0.473395349928682,0.0136099302812391,1675.0,,,,,,,,66.0,VI,0.0106382978723404,0.0246913580246914,0.495214527539448,0.124125981203239,844.0,Bacillota_A_368345
3,1_Bacteria(K),,,,,,,,,,,,,,,1.0,V,0.0159574468085106,0.0009259259259259,0.381952174406141,0.0005024227982514,210.0,__
9,1_Clostridiaceae_222000(F),,,,,,,,67.0,II,0.0106382978723404,0.0,0.47309937166253,0.183981826894375,69.0,62.0,V,0.0265957446808511,0.0802469135802469,0.574104193876458,0.0093079053698855,1413.0,Bacillota_A_368345
10,1_Coprobacillaceae(F),,,,,,,,86.0,V,0.0053191489361702,0.0,0.352742034832903,0.0086342671659186,131.0,,,,,,,,Bacillota_I
12,1_Enterobacteriaceae_A_725029(F),,,,,,,,63.0,V,0.0106382978723404,0.0399917542774686,0.370046677881008,0.0089543029214616,1188.0,60.0,V,0.0159574468085106,0.0,0.469700392190103,0.0035988781506337,46.0,Pseudomonadota
13,1_Lachnospiraceae(F),,,,,,,,10.0,0,0.0,0.0,0.0,0.0,531.0,11.0,III,0.0265957446808511,0.0086419753086419,0.568648821802409,0.0227474685441917,882.0,Bacillota_A_368345
16,1_Peptostreptococcaceae_256921(F),,,,,,,,,,,,,,,26.0,II,0.0159574468085106,0.0,0.520289342566557,0.0059230699440207,106.0,Bacillota_A_368345
18,2_CAG-508(F),,,,,,,,30.0,I,0.0053191489361702,0.0,0.415058161859224,0.0020378472294739,182.0,,,,,,,,Bacillota_A_368345
21,Acidaminococcus,,,,,,,,76.0,VI,0.0106382978723404,0.0202020202020202,0.348568448857858,0.0083983267492675,552.0,,,,,,,,Bacillota_C
22,Adlercreutzia_A_404257,,,,,,,,98.0,III,0.0106382978723404,0.0,0.44821137660044,0.0267245417699653,236.0,,,,,,,,Actinomycetota
39,Blautia_A_141780,,,,,,,,7.0,II,0.0531914893617021,0.0037105751391465,0.596695529438937,0.688432664685398,935.0,8.0,III,0.0478723404255319,0.109567901234568,0.657197558463669,0.056569971759351,1450.0,Bacillota_A_368345
42,Bulleidia,,,,,,,,23.0,II,0.0319148936170213,0.0020614306328592,0.521115264477538,0.330439896392774,152.0,,,,,,,,Bacillota_I
47,Clostridium_AQ,,,,,,,,11.0,II,0.0638297872340425,0.106575963718821,0.659081188960765,0.762991474683574,809.0,12.0,III,0.0265957446808511,0.0003086419753086,0.566026320143274,0.0242667200761324,581.0,Bacillota_I
54,Dialister_36337,,,,,,,,,,,,,,,29.0,V,0.0106382978723404,0.0237654320987654,0.419901418061112,0.0010854704121614,540.0,Bacillota_C
62,Enterococcus_H_360604,,,,,,,,16.0,V,0.0159574468085106,0.0789527932385075,0.467161305427472,0.0821397288218394,1040.0,18.0,II,0.0106382978723404,0.0246913580246914,0.42212435691307,0.0009368096371295,781.0,Bacillota_I
63,Escherichia,,,,,,,,1.0,II,0.0372340425531915,0.044114615543187,0.563724936639392,0.420621732517595,14377.0,2.0,V,0.0106382978723404,0.0,0.366767805355914,0.000470087056351,30130.0,Pseudomonadota
67,Evtepia,,,,,,,,,,,,,,,85.0,IV,0.0053191489361702,0.0,0.395320293156085,0.0161356001988316,125.0,Bacillota_A_368345
68,Ezakiella,,,,,,,,95.0,I,0.0053191489361702,0.0,0.253735167896069,4.77470874414573e-06,98.0,,,,,,,,Bacillota_A_368345
71,Faecalimonas,,,,,,,,72.0,II,0.0159574468085106,0.0,0.49572957337585,0.280404962317756,720.0,64.0,III,0.0265957446808511,0.0003086419753086,0.539447452338379,0.021117157352615,1615.0,Bacillota_A_368345
73,Fenollaria,,,,,,,,74.0,I,0.0106382978723404,0.0399917542774686,0.359225268658933,0.000372360507382,364.0,,,,,,,,Bacillota_A_368345
74,Fimenecus,,,,,,,,89.0,I,0.0053191489361702,0.0,0.39770443375699,0.0020673558073752,2204.0,,,,,,,,Bacillota_A_368345
75,Finegoldia,,,,,,,,,,,,,,,63.0,V,0.0053191489361702,0.0,0.401876044154572,0.0010832634728688,54.0,Bacillota_A_368345
77,Fusobacterium_C,,,,,,,,90.0,0,0.0,0.0,0.0,0.0,27.0,65.0,V,0.0425531914893617,0.0972222222222222,0.567955854790861,0.0075556582212878,3519.0,Fusobacteriota
83,Holdemanella,,,,,,,,,,,,,,,25.0,VII,0.0106382978723404,0.0246913580246914,0.456281974778396,0.0678428846831373,2816.0,Bacillota_I
89,Hydrotalea,,,,,,,,,,,,,,,5.0,XI,0.0,0.0,0.0,0.0,126.0,Bacteroidota
92,Lachnoclostridium_B,,,,,,,,69.0,VII,0.0159574468085106,0.0401978973407545,0.391704685763223,0.0037471291426502,558.0,81.0,II,0.0212765957446809,0.221296296296296,0.641458011174892,0.157840531562685,551.0,Bacillota_A_368345
94,Lacticaseibacillus,,,,,,,,,,,,,,,75.0,IX,0.0,0.0,0.0,0.0,86.0,Bacillota_I
95,Lactobacillus,,,,,,,,,,,,,,,10.0,IX,0.0,0.0,0.0,0.0,5406.0,Bacillota_I
96,Lactococcus_A_346120,,,,,,,,,,,,,,,17.0,II,0.0053191489361702,0.0,0.331044817694119,0.0001279575619942,397.0,Bacillota_I
97,Lancefieldella,,,,,,,,83.0,II,0.0159574468085106,0.0006184291898577,0.474437628429729,0.129879201084775,253.0,77.0,V,0.0212765957446809,0.0382716049382716,0.55467668299957,0.0099026074250994,287.0,Actinomycetota
98,Lawsonella,,,,,,,,,,,,,,,58.0,V,0.0053191489361702,0.0,0.400240992224568,0.0010645145330283,168.0,Actinomycetota
103,Massilistercora,,,,,,,,101.0,V,0.0106382978723404,0.0202020202020202,0.309212961337781,0.0009631476641677,456.0,,,,,,,,Bacillota_A_368345
106,Merdimonas,,,,,,,,70.0,V,0.0053191489361702,0.0,0.258581331781036,0.0001063557814938,314.0,,,,,,,,Bacillota_A_368345
107,Mesorhizobium_I,,,,,,,,,,,,,,,50.0,XI,0.0,0.0,0.0,0.0,69.0,Pseudomonadota
109,Nanogingivalis,,,,,,,,85.0,II,0.0053191489361702,0.0,0.466678490176283,0.0759965769520265,30.0,,,,,,,,Patescibacteria
112,Onthenecus,,,,,,,,62.0,III,0.0372340425531915,0.0202020202020202,0.603918761717776,0.15576595382511,426.0,90.0,0,0.0,0.0,0.0,0.0,369.0,Bacillota_A_368345
113,Otoolea_134252,,,,,,,,,,,,,,,59.0,III,0.0319148936170213,0.0246913580246914,0.564690003957861,0.0233682879391304,150.0,Bacillota_A_368345
117,Peptostreptococcus,,,,,,,,,,,,,,,68.0,V,0.0106382978723404,0.0006172839506172,0.35139099891653,0.0002176412843587,411.0,Bacillota_A_368345
119,Porphyromonas_A,,,,,,,,35.0,I,0.0106382978723404,0.0202020202020202,0.305259294568048,4.42266183063549e-05,278.0,,,,,,,,Bacteroidota
121,Pseudomonas_E_647464,,,,,,,,84.0,II,0.0053191489361702,0.0,0.454474109063967,0.0801631778594462,54.0,,,,,,,,Pseudomonadota
130,Schaedlerella,,,,,,,,64.0,II,0.0212765957446809,0.0202020202020202,0.495474359865234,0.246598873723212,135.0,61.0,II,0.0053191489361702,0.0,0.454583530445662,0.0210773747084937,546.0,Bacillota_A_368345
133,Sphingomonas_L_486704,,,,,,,,,,,,,,,71.0,XI,0.0,0.0,0.0,0.0,99.0,Pseudomonadota
140,UBA644,,,,,,,,92.0,I,0.0106382978723404,0.0,0.349583580854704,0.0005879194965146,82.0,,,,,,,,Bacillota_A_368345
141,UBA737,,,,,,,,91.0,0,0.0,0.0,0.0,0.0,99.0,,,,,,,,Bacillota_A_368345
