	d__Bacteria;__;__;__;__;__	d__Bacteria;p__Pseudomonadota;c__Gammaproteobacteria;o__Enterobacterales_737866;f__Enterobacteriaceae_A_725029;g__Escherichia	d__Bacteria;p__Pseudomonadota;c__Gammaproteobacteria;o__Burkholderiales;f__Burkholderiaceae_A_595427;g__Sutterella	d__Bacteria;p__Bacillota_A_368345;c__Clostridia_258483;o__Oscillospirales;f__Ruminococcaceae;g__Gemmiger_A_73129	d__Archaea;p__Methanobacteriota_A_1229;c__Methanobacteria;o__Methanobacteriales;f__Methanobacteriaceae;g__Methanobrevibacter_A	d__Bacteria;p__Bacteroidota;c__Bacteroidia;o__Bacteroidales;f__Bacteroidaceae;g__Bacteroides_H_857956	d__Bacteria;p__Bacteroidota;c__Bacteroidia;o__Chitinophagales;f__Chitinophagaceae;g__Hydrotalea	d__Bacteria;p__Actinomycetota;c__Actinomycetes;o__Actinomycetales;f__Bifidobacteriaceae;g__Bifidobacterium_388775	d__Bacteria;p__Bacillota_I;c__Bacilli_A;o__Lactobacillales;f__Enterococcaceae;g__Enterococcus_B	d__Bacteria;p__Bacillota_A_368345;c__Clostridia_258483;o__Lachnospirales;f__Lachnospiraceae;g__Blautia_A_141780	d__Bacteria;p__Bacillota_A_368345;c__Clostridia_258483;o__Lachnospirales;f__Lachnospiraceae;g__Eubacterium_G_180878	d__Bacteria;p__Bacillota_A_368345;c__Clostridia_258483;o__Christensenellales;f__;g__	d__Bacteria;p__Bacillota_A_368345;c__Clostridia_258483;o__Christensenellales;f__CAG-138;g__PeH17	d__Bacteria;p__Bacillota_A_368345;c__Clostridia_258483;o__Christensenellales;f__Christensenellaceae;g__	d__Bacteria;p__Bacillota_I;c__Bacilli_A;o__Lactobacillales;f__Lactobacillaceae;g__Lactobacillus	d__Bacteria;p__Bacillota_A_368345;c__Clostridia_258483;o__Lachnospirales;f__Lachnospiraceae;__	d__Bacteria;p__Bacillota_I;c__Bacilli_A;o__Lactobacillales;f__Lactobacillaceae;g__Lacticaseibacillus	d__Bacteria;p__Bacillota_I;c__Bacilli_A;o__Erysipelotrichales;f__Erysipelotrichaceae;g__Clostridium_AQ	d__Bacteria;p__Bacillota_I;c__Bacilli_A;o__Lactobacillales;f__Lactobacillaceae;g__Leuconostoc_B	d__Bacteria;p__Bacillota_I;c__Bacilli_A;o__Staphylococcales;f__Gemellaceae;g__Gemella	d__Bacteria;p__Bacillota_I;c__Bacilli_A;o__Lactobacillales;f__Aerococcaceae;g__Granulicatella	d__Bacteria;p__Bacillota_I;c__Bacilli_A;o__Lactobacillales;f__Streptococcaceae;g__Streptococcus	d__Bacteria;p__Bacillota_A_368345;c__Clostridia_258483;o__Oscillospirales;f__Ruminococcaceae;__	d__Bacteria;p__Bacillota_C;c__Negativicutes;o__Veillonellales;f__Veillonellaceae;g__Veillonella_A	d__Bacteria;p__Bacillota_I;c__Bacilli_A;o__Staphylococcales;f__Staphylococcaceae;g__Staphylococcus	d__Bacteria;p__Bacillota_I;c__Bacilli_A;o__Lactobacillales;f__Streptococcaceae;g__Lactococcus_A_346120	d__Bacteria;p__Bacillota_I;c__Bacilli_A;o__Lactobacillales;f__Enterococcaceae;g__Enterococcus_H_360604	d__Bacteria;p__Actinomycetota;c__Coriobacteriia;o__Coriobacteriales;f__Coriobacteriaceae;g__Collinsella	d__Bacteria;p__Bacillota_I;c__Bacilli_A;o__MOL361;f__Turicibacteraceae;g__Turicibacter	d__Bacteria;p__Actinomycetota;c__Coriobacteriia;o__Coriobacteriales;f__Eggerthellaceae;__	d__Bacteria;p__Bacillota_A_368345;c__Clostridia_258483;o__Oscillospirales;f__Acutalibacteraceae;g__Ruminococcus_E	d__Bacteria;p__Bacillota_I;c__Bacilli_A;o__Erysipelotrichales;f__Coprobacillaceae;g__Faecalibacillus	d__Bacteria;p__Bacillota_I;c__Bacilli_A;o__Erysipelotrichales;f__Coprobacillaceae;g__	d__Bacteria;p__Bacillota_I;c__Bacilli_A;o__Erysipelotrichales;f__Erysipelotrichaceae;g__Holdemania	d__Bacteria;p__Bacillota_I;c__Bacilli_A;o__Erysipelotrichales;f__Coprobacillaceae;g__Thomasclavelia	d__Bacteria;p__Bacillota_I;c__Bacilli_A;o__Erysipelotrichales;f__Coprobacillaceae;g__Coprobacillus	d__Bacteria;p__Bacillota_I;c__Bacilli_A;o__Erysipelotrichales;f__Erysipelotrichaceae;g__Bulleidia	d__Bacteria;p__Bacillota_I;c__Bacilli_A;o__Erysipelotrichales;f__Erysipelotrichaceae;g__Dielma	d__Bacteria;p__Bacillota_I;c__Bacilli_A;o__Erysipelotrichales;f__Erysipelotrichaceae;g__Merdibacter	d__Bacteria;p__Bacteroidota;c__Bacteroidia;o__Bacteroidales;f__Rikenellaceae;g__Alistipes_A_871400	d__Bacteria;p__Bacillota_I;c__Bacilli_A;o__Erysipelotrichales;f__Erysipelotrichaceae;g__Holdemanella	d__Bacteria;p__Bacillota_I;c__Bacilli_A;o__Erysipelotrichales;f__Erysipelotrichaceae;g__Longicatena	d__Bacteria;p__Bacillota_A_368345;c__Clostridia_258483;o__Peptostreptococcales;f__Peptostreptococcaceae_256921;__	d__Bacteria;p__Patescibacteria;c__Paceibacteria;o__UBA9973;f__UBA9973;g__	d__Bacteria;p__Patescibacteria;c__Paceibacteria;o__UBA9973;f__UBA9973;g__UBA9973	d__Bacteria;p__Actinomycetota;c__Coriobacteriia;o__Coriobacteriales;f__Eggerthellaceae;g__Eggerthella	d__Bacteria;p__Verrucomicrobiota;c__Verrucomicrobiae;o__Verrucomicrobiales;f__Akkermansiaceae;g__Akkermansia	d__Bacteria;p__Bacillota_A_368345;c__Clostridia_258483;o__Oscillospirales;f__Ruminococcaceae;g__Faecalibacterium	d__Bacteria;p__Bacteroidota;c__Bacteroidia;o__Flavobacteriales_B_877923;f__Flavobacteriaceae;g__Flavobacterium	d__Bacteria;p__Bacillota_C;c__Negativicutes;o__Veillonellales;f__Dialisteraceae;g__Dialister_36337	d__Bacteria;p__Bacillota_A_368345;c__Clostridia_258483;o__Lachnospirales;f__Lachnospiraceae;g__Blautia_A_141781	d__Bacteria;p__Bacillota_A_368345;c__Clostridia_258483;o__TANB77;f__CAG-508;g__	d__Bacteria;p__Bacillota_A_368345;c__Clostridia_258483;o__TANB77;f__CAG-508;__	d__Bacteria;p__Bacillota_A_368345;c__Clostridia_258483;o__TANB77;f__CAG-508;g__CAG-269	d__Bacteria;p__Bacillota_A_368345;c__Clostridia_258483;o__Oscillospirales;f__Oscillospiraceae_88309;g__Hominicoprocola	d__Bacteria;p__Bacteroidota;c__Bacteroidia;o__Bacteroidales;f__Marinifilaceae;g__Odoribacter_865974	d__Bacteria;p__Bacteroidota;c__Bacteroidia;o__Bacteroidales;f__Bacteroidaceae;g__Phocaeicola_A	d__Bacteria;p__Bacillota_A_368345;c__Clostridia_258483;o__Oscillospirales;f__Oscillospiraceae_88309;g__	d__Bacteria;p__Bacillota_A_368345;c__Clostridia_258483;o__Oscillospirales;f__Acutalibacteraceae;g__Eubacterium_R	d__Bacteria;p__Bacteroidota;c__Bacteroidia;o__Bacteroidales;f__Porphyromonadaceae;g__Porphyromonas_A	d__Bacteria;p__Actinomycetota;c__Actinomycetes;o__Actinomycetales;f__Actinomycetaceae;g__Pauljensenia	d__Bacteria;p__Bacteroidota;c__Bacteroidia;o__Bacteroidales;f__Bacteroidaceae;g__Prevotella	d__Bacteria;p__Bacteroidota;c__Bacteroidia;o__Bacteroidales;f__Tannerellaceae;g__Parabacteroides_B_862066	d__Bacteria;p__Bacillota_A_368345;c__Clostridia_258483;o__Oscillospirales;f__Oscillospiraceae_88309;g__Vescimonas	d__Bacteria;p__Bacteroidota;c__Bacteroidia;o__Bacteroidales;f__Rikenellaceae;g__Alistipes_A_871404	d__Bacteria;p__Bacillota_A_368345;c__Clostridia_258483;o__Christensenellales;f__Aristaeellaceae;g__Limiplasma	d__Bacteria;p__Bacillota_A_368345;c__Clostridia_258483;o__Lachnospirales;f__Lachnospiraceae;g__Clostridium_AP_143938	d__Bacteria;p__Bacteroidota;c__Bacteroidia;o__Bacteroidales;f__Marinifilaceae;g__Butyricimonas	d__Bacteria;p__Bacillota_A_368345;c__Clostridia_258483;o__Lachnospirales;f__Lachnospiraceae;g__Anaerostipes	d__Bacteria;p__Bacillota_A_368345;c__Clostridia_258483;o__Oscillospirales;f__Butyricicoccaceae;g__Agathobaculum	d__Bacteria;p__Bacillota_A_368345;c__Clostridia_258483;o__Clostridiales;f__Clostridiaceae_222000;g__Clostridium_T	d__Bacteria;p__Bacteroidota;c__Bacteroidia;o__Bacteroidales;f__Barnesiellaceae;g__Barnesiella_B	d__Bacteria;p__Patescibacteria;c__Saccharimonadia;o__Saccharimonadales;f__Nanosynbacteraceae;g__Nanosynbacter	d__Bacteria;p__Patescibacteria;c__Saccharimonadia;o__Saccharimonadales;f__Saccharimonadaceae;g__Saccharimonas	d__Bacteria;p__Patescibacteria;c__Saccharimonadia;o__Saccharimonadales;f__Nanogingivalaceae;g__Nanogingivalis	d__Bacteria;p__Cyanobacteriota;c__Chloroplast;o__;f__;g__	d__Bacteria;p__Bacillota_A_368345;c__Clostridia_258483;o__Oscillospirales;f__Acutalibacteraceae;g__Hominenteromicrobium	d__Bacteria;p__Bacillota_A_368345;c__Clostridia_258483;o__Oscillospirales;f__Acutalibacteraceae;g__UBA5905	d__Bacteria;p__Bacillota_A_368345;c__Clostridia_258483;o__Oscillospirales;f__Acutalibacteraceae;g__	d__Bacteria;p__Bacillota_A_368345;c__Clostridia_258483;o__Oscillospirales;f__Ruminococcaceae;g__Anaerotruncus	d__Bacteria;p__Bacillota_A_368345;c__Clostridia_258483;o__Oscillospirales;f__Acutalibacteraceae;g__Acutalibacter	d__Bacteria;p__Bacillota_A_368345;c__Clostridia_258483;o__Oscillospirales;f__Oscillospiraceae_88309;g__Dysosmobacter	d__Bacteria;p__Bacillota_A_368345;c__Clostridia_258483;o__Lachnospirales;f__Lachnospiraceae;g__Bariatricus	d__Bacteria;p__Bacillota_A_368345;c__Clostridia_258483;o__Oscillospirales;f__Oscillospiraceae_88309;__	d__Bacteria;p__Bacillota_A_368345;c__Clostridia_258483;o__Oscillospirales;f__Ruminococcaceae;g__Merdimmobilis	d__Bacteria;p__Bacillota_A_368345;c__Clostridia_258483;o__Lachnospirales;f__Lachnospiraceae;g__Anaerobutyricum	d__Bacteria;p__Bacillota_A_368345;c__Clostridia_258483;o__Oscillospirales;f__Ruminococcaceae;g__Angelakisella	d__Bacteria;p__Bacillota_A_368345;c__Clostridia_258483;o__Oscillospirales;f__Acutalibacteraceae;g__UBA737	d__Bacteria;p__Bacillota_A_368345;c__Clostridia_258483;o__Lachnospirales;f__Lachnospiraceae;g__Dorea_A	d__Bacteria;p__Bacillota_A_368345;c__Clostridia_258483;o__Oscillospirales;f__Ruminococcaceae;g__Ruthenibacterium	d__Bacteria;p__Bacillota_A_368345;c__Clostridia_258483;o__Lachnospirales;f__Lachnospiraceae;g__Lachnospira	d__Bacteria;p__Bacillota_A_368345;c__Clostridia_258483;o__Lachnospirales;f__Lachnospiraceae;g__	d__Bacteria;p__Bacillota_A_368345;c__Clostridia_258483;o__Oscillospirales;f__Ruminococcaceae;g__Hominimerdicola	d__Bacteria;p__Bacillota_A_368345;c__Clostridia_258483;o__Oscillospirales;f__Ruminococcaceae;g__Huintestinicola	d__Bacteria;p__Bacillota_A_368345;c__Clostridia_258483;o__Tissierellales;f__Peptoniphilaceae;g__Peptoniphilus_A	d__Bacteria;p__Bacillota_A_368345;c__Clostridia_258483;o__Tissierellales;f__Peptoniphilaceae;g__Ezakiella	d__Bacteria;p__Pseudomonadota;c__Alphaproteobacteria;o__Rickettsiales;f__Mitochondria;g__	d__Bacteria;p__Pseudomonadota;c__Alphaproteobacteria;o__Rhizobiales_505101;f__Rhizobiaceae;g__Mesorhizobium_I	d__Bacteria;p__Bacillota_A_368345;c__Clostridia_258483;o__Peptostreptococcales;f__Peptostreptococcaceae_256921;g__Romboutsia_B	d__Bacteria;p__Bacillota_A_368345;c__Clostridia_258483;o__Peptostreptococcales;f__Peptostreptococcaceae_256921;g__Peptostreptococcus	d__Bacteria;p__Bacillota_A_368345;c__Clostridia_258483;o__Peptostreptococcales;f__Anaerovoracaceae;__	d__Bacteria;p__Bacillota_A_368345;c__Clostridia_258483;o__Peptostreptococcales;f__Anaerovoracaceae;g__Lentihominibacter	d__Bacteria;p__Bacillota_A_368345;c__Clostridia_258483;o__Peptostreptococcales;f__Anaerovoracaceae;g__	d__Bacteria;p__Bacillota_A_368345;c__Clostridia_258483;o__Lachnospirales;f__Lachnospiraceae;g__Coprococcus_A_187866	d__Bacteria;p__Bacillota_A_368345;c__Clostridia_258483;o__Peptostreptococcales;f__Peptostreptococcaceae_256921;g__Terrisporobacter	d__Bacteria;p__Bacillota_A_368345;c__Clostridia_258483;o__Peptostreptococcales;f__Peptostreptococcaceae_256921;g__Intestinibacter	d__Bacteria;p__Bacillota_A_368345;c__Clostridia_258483;o__Lachnospirales;f__Lachnospiraceae;g__Fusicatenibacter	d__Bacteria;p__Bacillota_A_368345;c__Clostridia_258483;o__Oscillospirales;f__Acutalibacteraceae;g__CAG-177	d__Bacteria;p__Bacillota_A_368345;c__Clostridia_258483;o__Lachnospirales;f__Lachnospiraceae;g__Enterocloster	d__Bacteria;p__Bacillota_C;c__Negativicutes;o__Veillonellales;f__Dialisteraceae;g__Dialister_37762	d__Bacteria;p__Bacillota_A_368345;c__Clostridia_258483;o__Lachnospirales;f__Lachnospiraceae;g__Agathobacter_164117	d__Bacteria;p__Bacillota_A_368345;c__Clostridia_258483;o__Lachnospirales;f__Lachnospiraceae;g__Roseburia_A_166204	d__Bacteria;p__Bacillota_A_368345;c__Clostridia_258483;o__Christensenellales;f__Aristaeellaceae;g__Onthenecus	d__Bacteria;p__Actinomycetota;c__Actinomycetes;o__Mycobacteriales;f__Mycobacteriaceae;g__Lawsonella	d__Bacteria;p__Bacillota_A_368345;c__Clostridia_258483;o__Lachnospirales;f__Lachnospiraceae;g__Otoolea_134252	d__Bacteria;p__Bacillota_A_368345;c__Clostridia_258483;o__Oscillospirales;f__Acutalibacteraceae;g__CAG-217	d__Bacteria;p__Pseudomonadota;c__Gammaproteobacteria;o__Enterobacterales_737866;f__Enterobacteriaceae_A_725029;__	d__Bacteria;p__Bacillota_A_368345;c__Clostridia_258483;o__Lachnospirales;f__Lachnospiraceae;g__Schaedlerella	d__Bacteria;p__Actinomycetota;c__Actinomycetes;o__Actinomycetales;f__Actinomycetaceae;g__Actinomyces	d__Bacteria;p__Actinomycetota;c__Actinomycetes;o__Mycobacteriales;f__Mycobacteriaceae;g__Corynebacterium	d__Bacteria;p__Bacillota_A_368345;c__Clostridia_258483;o__;f__;g__	d__Bacteria;p__Bacillota_A_368345;c__Clostridia_258483;o__Lachnospirales;f__Anaerotignaceae;g__Anaerotignum_189125	d__Bacteria;p__Bacillota_A_368345;c__Clostridia_258483;o__Lachnospirales;f__Anaerotignaceae;g__	d__Bacteria;p__Bacillota_A_368345;c__Clostridia_258483;o__Oscillospirales;f__Acutalibacteraceae;g__Fimenecus	d__Bacteria;p__Bacillota_A_368345;c__Clostridia_258483;o__Peptostreptococcales;f__Anaerovoracaceae;g__Hominibacterium	d__Bacteria;p__Bacillota_A_368345;c__Clostridia_258483;o__Lachnospirales;f__Lachnospiraceae;g__Acetatifactor	d__Bacteria;p__Bacillota_A_368345;c__Clostridia_258483;o__Lachnospirales;f__Lachnospiraceae;g__Limivivens	d__Bacteria;p__Bacillota_A_368345;c__Clostridia_258483;o__Lachnospirales;f__Lachnospiraceae;g__Alitiscatomonas	d__Bacteria;p__Bacillota_A_368345;c__Clostridia_258483;o__Clostridiales;f__Clostridiaceae_222000;__	d__Bacteria;p__Bacillota_A_368345;c__Clostridia_258483;o__Oscillospirales;f__Oscillospiraceae_88309;g__Lawsonibacter	d__Bacteria;p__Bacillota_A_368345;c__Clostridia_258483;o__Tissierellales;f__Peptoniphilaceae;g__Parvimonas	d__Bacteria;p__Bacillota_A_368345;c__Clostridia_258483;o__Tissierellales;f__Peptoniphilaceae;g__Finegoldia	d__Bacteria;p__Bacillota_A_368345;c__Clostridia_258483;o__Lachnospirales;f__Lachnospiraceae;g__Sellimonas	d__Bacteria;p__Bacillota_A_368345;c__Clostridia_258483;o__Lachnospirales;f__Lachnospiraceae;g__Dorea_D_146760	d__Bacteria;p__Bacillota_A_368345;c__Clostridia_258483;o__Lachnospirales;f__Lachnospiraceae;g__Lachnoclostridium_B	d__Bacteria;p__Bacillota_A_368345;c__Clostridia_258483;o__Lachnospirales;f__Lachnospiraceae;g__Muricomes_149720	d__Bacteria;p__Bacillota_A_368345;c__Clostridia_258483;o__Lachnospirales;f__Lachnospiraceae;g__Merdimonas	d__Bacteria;p__Bacillota_A_368345;c__Clostridia_258483;o__Lachnospirales;f__Lachnospiraceae;g__Mediterraneibacter_A_155507	d__Bacteria;p__Bacillota_A_368345;c__Clostridia_258483;o__Lachnospirales;f__Lachnospiraceae;g__Hominisplanchenecus_A	d__Bacteria;p__Bacillota_A_368345;c__Clostridia_258483;o__Lachnospirales;f__Lachnospiraceae;g__Faecalimonas	d__Bacteria;p__Bacillota_A_368345;c__Clostridia_258483;o__Lachnospirales;f__Lachnospiraceae;g__Blautia_A_141893	d__Bacteria;p__Bacillota_A_368345;c__Clostridia_258483;o__Lachnospirales;f__Lachnospiraceae;g__Oribacterium	d__Bacteria;p__Bacillota_A_368345;c__Clostridia_258483;o__Tissierellales;f__Peptoniphilaceae;g__Fenollaria	d__Bacteria;p__Fusobacteriota;c__Fusobacteriia;o__Fusobacteriales;f__Fusobacteriaceae;g__Fusobacterium_C	d__Bacteria;p__Bacillota_A_368345;c__Clostridia_258483;o__Lachnospirales;f__Lachnospiraceae;g__Ruminococcus_B	d__Bacteria;p__Actinomycetota;c__Coriobacteriia;o__Coriobacteriales;f__Atopobiaceae;g__Lancefieldella	d__Bacteria;p__Bacillota_A_368345;c__Clostridia_258483;o__Lachnospirales;f__Lachnospiraceae;g__Massilistercora	d__Bacteria;p__Bacillota_A_368345;c__Clostridia_258483;o__Lachnospirales;f__Lachnospiraceae;g__Eubacterium_I	d__Bacteria;p__Bacillota_A_368345;c__Clostridia_258483;o__Oscillospirales;f__Ruminococcaceae;g__Paludihabitans	d__Bacteria;p__Bacillota_A_368345;c__Clostridia_258483;o__Lachnospirales;f__Lachnospiraceae;g__Eisenbergiella	d__Bacteria;p__Bacillota_A_368345;c__Clostridia_258483;o__Lachnospirales;f__Lachnospiraceae;g__Clostridium_R_135822	d__Bacteria;p__Bacillota_A_368345;c__Clostridia_258483;o__Christensenellales;f__Aristaeellaceae;g__SFMI01	d__Bacteria;p__Bacillota_A_368345;c__Clostridia_258483;o__Lachnospirales;f__Lachnospiraceae;g__Ventrisoma	d__Bacteria;p__Bacillota_A_368345;c__Clostridia_258483;o__Lachnospirales;f__Lachnospiraceae;g__Coprococcus_A_121497	d__Bacteria;p__Bacillota_A_368345;c__Clostridia_258483;o__Lachnospirales;f__Lachnospiraceae;g__Eubacterium_F	d__Bacteria;p__Bacillota_A_368345;c__Clostridia_258483;o__Oscillospirales;f__Acutalibacteraceae;g__Anaeromassilibacillus	d__Bacteria;p__Bacillota_A_368345;c__Clostridia_258483;o__Oscillospirales;f__Ruminococcaceae;g__Ruminococcus_C_58660	d__Bacteria;p__Desulfobacterota_G_459543;c__Desulfovibrionia;o__Desulfovibrionales;f__Desulfovibrionaceae;g__Desulfovibrio_446353	d__Bacteria;p__Actinomycetota;c__Coriobacteriia;o__Coriobacteriales;f__Eggerthellaceae;g__Slackia	d__Bacteria;p__Bacillota_A_368345;c__Clostridia_258483;o__Eubacteriales;f__Anaerofustaceae;g__Anaerofustis	d__Bacteria;p__Bacillota_A_368345;c__Clostridia_258483;o__UBA1381;f__UBA1381;g__Hominilimicola	d__Bacteria;p__Pseudomonadota;c__Gammaproteobacteria;o__Enterobacterales_737866;f__Pasteurellaceae;g__Haemophilus_D_735815	d__Bacteria;p__Bacillota_A_368345;c__Clostridia_258483;o__Lachnospirales;f__Lachnospiraceae;g__Hungatella_A_128155	d__Bacteria;p__Pseudomonadota;c__Alphaproteobacteria;o__Sphingomonadales;f__Sphingomonadaceae_486827;g__Sphingomonas_L_486704	d__Bacteria;p__Pseudomonadota;c__Gammaproteobacteria;o__Pseudomonadales_A_650611;f__Pseudomonadaceae;g__Pseudomonas_E_647464	d__Bacteria;p__Bacillota_A_368345;c__Clostridia_258483;o__Oscillospirales;f__CAG-272;g__RUG13077	d__Bacteria;p__Bacillota_A_368345;c__Clostridia_258483;o__Oscillospirales;f__Oscillospiraceae_88309;g__Intestinimonas	d__Bacteria;p__Bacillota_A_368345;c__Clostridia_258483;o__Oscillospirales;f__Oscillospiraceae_88309;g__Limivicinus	d__Bacteria;p__Bacillota_A_368345;c__Clostridia_258483;o__Oscillospirales;f__Oscillospiraceae_88309;g__Faecousia	d__Bacteria;p__Bacillota_A_368345;c__Clostridia_258483;o__Oscillospirales;f__UBA644;g__UBA644	d__Bacteria;p__Bacillota_A_368345;c__Clostridia_258483;o__Christensenellales;f__Aristaeellaceae;g__	d__Bacteria;p__Bacillota_A_368345;c__Clostridia_258483;o__Christensenellales;f__Christensenellaceae;g__Christensenella	d__Bacteria;p__Bacillota_A_368345;c__Clostridia_258483;o__Christensenellales;f__CAG-138;g__	d__Bacteria;p__Bacillota_A_368345;c__Clostridia_258483;o__Oscillospirales;f__CAG-382;g__SFLA01	d__Bacteria;p__Bacillota_A_368345;c__Clostridia_258483;o__Oscillospirales;f__Oscillospiraceae_88309;g__Onthomonas	d__Bacteria;p__Bacillota_A_368345;c__Clostridia_258483;o__Oscillospirales;f__Oscillospiraceae_88309;g__Evtepia	d__Bacteria;p__Bacillota_C;c__Negativicutes;o__Acidaminococcales;f__Acidaminococcaceae;g__Acidaminococcus	d__Bacteria;p__Actinomycetota;c__Coriobacteriia;o__Coriobacteriales;f__Eggerthellaceae;g__Anaerotardibacter	d__Bacteria;p__Actinomycetota;c__Coriobacteriia;o__Coriobacteriales;f__Eggerthellaceae;g__Adlercreutzia_A_404257	d__Bacteria;p__Actinomycetota;c__Coriobacteriia;o__Coriobacteriales;f__Eggerthellaceae;g__Gordonibacter	d__Bacteria;p__Pseudomonadota;c__Gammaproteobacteria;o__Burkholderiales;f__Burkholderiaceae_A_595427;g__Parasutterella_564865	d__Bacteria;p__Pseudomonadota;c__Gammaproteobacteria;o__Burkholderiales;f__Burkholderiaceae_A_595421;g__Oxalobacter	d__Bacteria;p__Bacillota_A_368345;c__Clostridia_258483;o__Oscillospirales;f__Acutalibacteraceae;g__UMGS1071	d__Bacteria;p__Bacillota_A_368345;c__Clostridia_258483;o__Oscillospirales;f__Acutalibacteraceae;g__Hydrogeniiclostridium	d__Bacteria;p__Bacillota_A_368345;c__Clostridia_258483;o__Oscillospirales;f__Ruminococcaceae;g__Negativibacillus	d__Bacteria;p__Bacillota_A_368345;c__Clostridia_258483;o__Oscillospirales;f__QAKW01;g__	d__Bacteria;p__Bacillota_A_368345;c__Clostridia_258483;o__Oscillospirales;f__Acutalibacteraceae;g__Clostridium_A_51961	d__Bacteria;p__Bacillota_A_368345;c__Clostridia_258483;o__Monoglobales;f__Monoglobaceae;g__Monoglobus	d__Bacteria;p__Bacillota_A_368345;c__Clostridia_258483;o__Oscillospirales;f__Ruminococcaceae;g__Ruminiclostridium_E
SRR23492483	0.0	7.728855823852543	1.0986122886681098	4.844187086458591	1.3862943611198906	3.044522437723423	0.0	4.962844630259907	0.0	0.0	4.5217885770490405	0.0	0.0	0.0	5.752572638825633	1.6094379124341003	0.0	0.6931471805599453	0.0	0.0	0.0	3.258096538021482	0.0	0.0	0.0	0.0	0.0	5.69035945432406	1.6094379124341003	1.791759469228055	1.0986122886681098	3.784189633918261	0.0	0.0	0.0	0.0	0.0	0.0	0.0	0.0	5.521460917862246	0.0	0.0	0.0	0.0	0.6931471805599453	2.8903717578961645	7.393263094763838	1.0986122886681098	0.0	5.003946305945459	0.0	0.0	1.0986122886681098	0.0	0.0	3.8066624897703196	0.0	0.0	0.0	1.3862943611198906	5.3230099791384085	1.0986122886681098	0.6931471805599453	0.0	0.0	0.0	0.0	3.1354942159291497	4.2626798770413155	0.6931471805599453	0.0	0.0	0.0	0.0	0.0	0.0	0.0	0.0	0.0	1.6094379124341003	0.6931471805599453	4.31748811353631	0.0	0.0	2.772588722239781	0.0	0.0	4.51085950651685	1.9459101490553132	0.0	0.0	0.0	0.0	0.0	0.0	0.0	0.0	3.258096538021482	0.0	0.0	2.6390573296152584	0.0	0.0	2.302585092994046	1.6094379124341003	1.791759469228055	0.0	0.0	3.4965075614664802	2.302585092994046	2.70805020110221	2.833213344056216	0.6931471805599453	0.0	0.0	0.0	0.0	0.0	0.0	0.0	0.0	0.0	0.6931471805599453	0.0	0.6931471805599453	1.0986122886681098	1.0986122886681098	0.0	0.0	0.0	0.0	0.0	0.0	0.6931471805599453	0.0	0.0	4.59511985013459	1.0986122886681098	0.0	0.0	0.0	0.0	0.0	3.091042453358316	0.0	0.0	1.6094379124341003	0.0	1.9459101490553132	0.0	0.0	0.0	0.0	0.0	0.0	0.0	0.0	0.0	2.1972245773362196	0.0	0.0	0.0	0.0	0.0	0.0	0.0	0.0	0.0	0.0	0.0	0.0	0.0	0.0	0.0	0.0	1.0986122886681098	1.0986122886681098	0.0	0.0	0.0	0.0	1.3862943611198906	0.0	0.0	0.0	0.0	0.0	0.0
SRR23492508	0.0	7.206377291472252	0.0	1.3862943611198906	0.0	0.6931471805599453	0.0	5.817111159963204	5.501258210544727	3.6375861597263857	0.0	0.0	0.0	0.0	4.672828834461906	4.543294782270004	1.6094379124341003	4.23410650459726	1.0986122886681098	1.3862943611198906	0.0	6.1092475827643655	0.0	3.4011973816621555	0.0	0.0	1.0986122886681098	0.0	0.0	0.0	0.0	0.0	0.0	0.0	4.6443908991413725	0.0	0.6931471805599453	0.0	0.0	0.0	0.0	0.0	0.0	0.0	0.0	0.0	1.791759469228055	0.0	0.0	0.0	1.6094379124341003	0.0	0.0	0.0	0.0	0.0	0.0	0.0	0.0	0.0	0.0	0.0	0.0	0.0	0.0	0.0	5.726847747587197	0.0	2.833213344056216	0.0	4.700480365792417	0.0	1.3862943611198906	0.0	0.0	0.0	0.0	0.0	0.0	0.0	0.0	0.0	0.0	0.0	0.0	0.0	0.0	0.0	0.0	0.0	0.0	0.0	1.791759469228055	0.0	0.0	0.0	0.0	0.0	1.791759469228055	0.0	0.0	0.0	0.0	0.0	0.0	3.5553480614894135	0.0	0.0	5.375278407684165	0.0	1.0986122886681098	4.795790545596741	0.0	0.0	3.5553480614894135	0.0	0.0	0.0	0.0	0.0	0.0	0.0	0.0	0.0	0.0	0.6931471805599453	0.0	0.0	0.0	0.0	0.0	0.0	0.0	0.0	0.0	0.0	0.0	0.0	0.0	5.123963979403259	0.0	0.0	0.0	0.0	5.170483995038151	0.0	0.0	0.0	0.0	0.0	0.0	0.0	0.0	0.0	1.3862943611198906	0.0	0.0	0.0	0.0	0.0	0.0	6.663132695990803	2.772588722239781	0.0	0.0	0.0	0.0	0.0	0.0	0.0	0.0	0.0	0.0	0.0	0.0	0.0	0.0	0.0	0.0	0.0	0.0	0.0	0.0	0.0	0.0	0.0	0.0	0.0	0.0
SRR23492516	0.0	8.397508348470257	0.0	0.6931471805599453	0.0	4.127134385045092	0.0	1.0986122886681098	0.0	0.0	0.0	0.0	0.0	0.0	0.0	0.0	0.0	0.0	0.0	5.10594547390058	0.0	1.6094379124341003	0.0	2.0794415416798357	2.0794415416798357	0.0	0.0	0.0	0.0	0.0	0.0	2.1972245773362196	0.0	0.0	0.0	0.0	0.0	0.0	0.0	2.70805020110221	0.0	0.0	0.0	0.0	0.0	0.0	3.4657359027997265	3.1354942159291497	0.0	0.0	2.3978952727983707	0.0	0.0	0.0	1.3862943611198906	0.0	0.0	0.0	2.1972245773362196	0.0	0.0	0.0	0.0	0.0	0.0	0.0	0.0	0.0	0.0	0.0	0.0	0.0	0.0	0.0	0.0	0.0	0.0	0.0	0.0	0.0	0.0	0.0	0.0	0.0	0.0	0.0	0.0	0.0	0.0	0.0	0.0	0.0	0.0	0.0	1.0986122886681098	0.0	0.0	0.0	0.0	0.0	0.0	0.0	0.0	0.0	0.0	0.0	0.0	0.0	0.0	0.0	0.0	0.0	0.0	0.0	0.0	0.0	0.0	0.0	0.0	0.0	0.0	0.0	0.0	1.0986122886681098	0.0	0.0	0.0	0.0	1.791759469228055	0.0	0.0	0.0	0.0	0.0	0.0	0.0	0.0	0.0	0.0	0.0	0.0	0.0	0.0	0.0	0.0	0.0	0.0	0.0	0.0	0.0	0.0	0.0	0.0	0.0	0.0	0.0	0.0	0.0	0.0	0.0	0.0	0.0	0.0	0.0	0.0	0.0	0.0	0.0	0.0	0.0	0.0	0.0	0.0	0.0	0.0	0.0	0.0	0.0	0.0	0.0	0.0	0.0	0.0	0.0	0.0	0.0	0.0	0.0	0.0
SRR23492517	0.6931471805599453	6.710523109452428	3.091042453358316	1.9459101490553132	0.0	4.844187086458591	0.0	3.367295829986474	4.02535169073515	1.0986122886681098	1.0986122886681098	0.0	0.0	0.0	0.0	3.091042453358316	0.0	0.0	2.1972245773362196	2.1972245773362196	1.6094379124341003	3.5263605246161616	0.0	2.5649493574615367	2.302585092994046	0.0	0.0	2.9444389791664403	0.0	0.0	0.0	0.0	0.0	0.0	2.5649493574615367	0.0	1.3862943611198906	0.0	0.0	0.0	1.791759469228055	0.0	2.3978952727983707	0.0	0.0	0.6931471805599453	1.0986122886681098	3.713572066704308	0.0	0.0	3.9318256327243257	0.0	0.0	0.0	0.0	0.0	5.099866427824199	0.0	0.0	2.70805020110221	0.0	6.82001636467413	1.9459101490553132	0.0	0.0	0.0	0.0	0.0	2.6390573296152584	1.0986122886681098	7.814803429489359	0.0	0.0	0.0	0.0	0.0	0.0	0.0	0.0	0.0	0.0	1.6094379124341003	1.791759469228055	0.0	1.6094379124341003	0.6931471805599453	0.0	0.0	2.833213344056216	1.6094379124341003	0.0	0.0	0.0	0.0	3.295836866004329	2.833213344056216	0.0	0.0	4.0943445622221	2.302585092994046	0.0	0.0	0.0	0.0	2.995732273553991	4.663439094112067	2.302585092994046	0.0	2.1972245773362196	1.3862943611198906	1.0986122886681098	3.2188758248682006	0.0	0.0	1.0986122886681098	0.0	0.0	1.0986122886681098	0.0	0.0	0.0	0.0	0.0	0.0	0.0	0.6931471805599453	0.0	1.791759469228055	2.9444389791664403	0.6931471805599453	1.0986122886681098	2.1972245773362196	0.0	0.0	0.0	0.0	0.0	0.0	0.0	0.0	2.1972245773362196	0.0	0.0	0.0	3.9318256327243257	0.0	0.0	0.0	0.0	1.0986122886681098	0.0	0.0	0.0	0.0	0.0	0.0	0.0	0.0	1.0986122886681098	0.0	0.0	0.0	1.791759469228055	0.0	0.0	0.0	0.0	0.0	0.0	0.0	0.0	0.0	0.0	0.0	0.0	0.0	0.0	0.0	0.6931471805599453	0.0	0.0	0.0	0.0	0.0	0.0	0.0	0.0	0.0	0.0
SRR23492518	0.0	2.8903717578961645	0.0	6.186208623900494	0.0	8.002359546252707	0.0	0.0	1.6094379124341003	0.0	0.6931471805599453	2.0794415416798357	0.0	0.0	0.0	0.6931471805599453	0.0	0.0	0.0	0.6931471805599453	0.0	2.4849066497880004	0.0	0.6931471805599453	0.0	0.0	0.0	2.8903717578961645	4.30406509320417	0.6931471805599453	0.0	0.6931471805599453	0.0	0.0	0.0	0.0	0.0	0.6931471805599453	0.6931471805599453	6.021023349349527	4.532599493153256	0.0	0.0	0.0	0.0	0.0	0.0	6.925595197110468	0.0	0.0	5.135798437050262	2.8903717578961645	0.0	2.4849066497880004	2.3978952727983707	3.332204510175204	5.313205979041787	0.0	1.3862943611198906	0.0	0.0	0.6931471805599453	3.1354942159291497	1.3862943611198906	2.995732273553991	0.0	0.0	0.0	1.9459101490553132	1.9459101490553132	1.791759469228055	0.0	0.0	0.0	0.0	0.0	1.3862943611198906	0.0	1.0986122886681098	0.6931471805599453	0.0	3.4657359027997265	3.5553480614894135	0.0	0.6931471805599453	1.3862943611198906	0.0	0.0	2.0794415416798357	1.9459101490553132	2.302585092994046	2.6390573296152584	2.5649493574615367	0.0	0.0	0.0	0.0	0.0	2.4849066497880004	0.0	0.0	0.6931471805599453	0.0	1.9459101490553132	3.1354942159291497	0.0	0.0	0.0	0.0	0.0	2.0794415416798357	2.995732273553991	4.143134726391533	0.0	0.0	0.0	0.0	0.0	0.0	0.0	0.0	1.791759469228055	2.3978952727983707	0.0	0.0	0.0	1.3862943611198906	1.3862943611198906	1.0986122886681098	2.302585092994046	0.0	0.0	0.0	0.0	0.0	0.0	0.0	3.044522437723423	0.0	0.0	2.0794415416798357	0.0	0.0	0.0	1.0986122886681098	0.0	0.0	0.0	0.0	5.087596335232384	0.0	0.0	0.0	0.0	2.833213344056216	1.9459101490553132	0.0	0.0	0.0	0.6931471805599453	0.6931471805599453	0.0	0.0	0.0	0.0	0.0	0.6931471805599453	0.0	2.6390573296152584	0.0	0.0	0.0	0.0	0.0	0.0	1.3862943611198906	0.0	0.0	1.6094379124341003	0.0	4.248495242049359	0.0	1.3862943611198906	0.0	0.0	0.0	0.0	0.0	0.0
SRR23492520	0.0	4.127134385045092	0.0	0.0	0.0	7.597897950521784	0.0	5.19295685089021	0.0	0.0	2.772588722239781	0.0	0.0	0.0	0.6931471805599453	0.0	0.0	0.0	0.0	1.3862943611198906	0.0	2.0794415416798357	0.0	3.6888794541139363	1.3862943611198906	0.0	1.3862943611198906	3.2188758248682006	2.302585092994046	0.0	0.0	0.0	0.0	0.0	1.3862943611198906	0.0	0.0	0.0	0.0	3.044522437723423	0.0	0.0	1.791759469228055	0.0	0.0	1.0986122886681098	0.0	6.60934924316738	0.0	0.0	4.219507705176107	0.0	0.0	0.0	0.0	1.3862943611198906	7.138866999945524	1.791759469228055	0.0	0.0	0.0	0.0	0.0	0.0	0.0	0.0	0.0	0.0	2.4849066497880004	3.713572066704308	2.8903717578961645	3.5263605246161616	0.0	0.0	0.0	0.6931471805599453	0.0	0.0	0.6931471805599453	0.6931471805599453	1.3862943611198906	2.8903717578961645	1.6094379124341003	0.0	1.0986122886681098	0.0	0.0	0.0	4.219507705176107	2.9444389791664403	1.791759469228055	0.0	1.6094379124341003	0.0	0.6931471805599453	0.0	0.0	0.0	3.9512437185814275	1.791759469228055	0.0	0.0	0.0	1.0986122886681098	3.2188758248682006	2.5649493574615367	0.0	0.0	3.258096538021482	3.332204510175204	4.343805421853684	3.9318256327243257	0.0	0.0	1.791759469228055	0.0	0.0	0.0	0.0	0.0	0.0	4.859812404361672	0.0	0.0	0.0	0.0	1.0986122886681098	4.382026634673881	1.0986122886681098	2.833213344056216	0.0	0.0	0.0	0.0	0.0	2.0794415416798357	0.0	1.6094379124341003	2.3978952727983707	0.0	0.0	0.0	0.0	0.0	2.302585092994046	0.0	0.0	1.791759469228055	0.0	3.713572066704308	0.0	0.0	0.0	0.0	0.0	0.6931471805599453	0.0	0.0	0.0	0.0	0.0	3.784189633918261	1.3862943611198906	0.0	0.0	0.0	1.3862943611198906	0.0	0.0	0.0	0.0	0.0	0.0	0.0	0.0	0.0	0.0	0.0	0.0	0.0	6.630683385642372	0.0	3.713572066704308	0.0	2.0794415416798357	1.3862943611198906	0.0	0.0	0.0
SRR23492521	0.0	3.2188758248682006	0.0	2.772588722239781	0.0	7.579167967396076	0.0	6.144185634125646	0.0	0.0	1.6094379124341003	1.3862943611198906	1.0986122886681098	0.0	0.0	0.0	0.0	0.0	0.0	0.0	0.0	0.0	0.0	1.0986122886681098	3.258096538021482	0.0	0.0	0.0	2.3978952727983707	0.0	7.585281078639126	1.3862943611198906	0.0	0.0	1.0986122886681098	1.6094379124341003	0.0	0.0	0.0	6.267200548541362	0.0	0.0	0.0	0.0	0.0	0.0	4.3694478524670215	4.927253685157205	0.0	0.0	2.6390573296152584	0.0	0.0	0.0	5.117993812416755	0.0	0.0	0.0	2.833213344056216	0.0	0.0	0.6931471805599453	0.0	3.6375861597263857	0.0	0.0	0.0	0.0	1.0986122886681098	0.0	2.302585092994046	0.0	0.0	0.0	0.0	0.0	0.0	2.0794415416798357	0.0	1.0986122886681098	1.0986122886681098	3.4011973816621555	0.0	1.3862943611198906	0.6931471805599453	0.0	0.0	0.0	2.772588722239781	2.1972245773362196	0.0	0.0	1.9459101490553132	0.0	0.0	0.0	0.0	0.0	2.1972245773362196	0.0	0.0	1.0986122886681098	0.0	0.0	1.9459101490553132	2.70805020110221	2.0794415416798357	4.532599493153256	1.3862943611198906	0.0	2.8903717578961645	0.0	0.0	0.0	0.0	0.0	0.0	0.0	0.0	0.0	0.6931471805599453	0.0	1.0986122886681098	0.0	0.0	0.0	0.0	1.9459101490553132	0.0	2.1972245773362196	0.0	0.0	0.6931471805599453	0.0	1.0986122886681098	0.0	0.0	1.3862943611198906	0.0	1.0986122886681098	0.0	0.0	0.0	0.0	1.0986122886681098	0.0	1.3862943611198906	0.0	1.0986122886681098	3.6635616461296463	0.0	0.0	0.0	0.0	2.4849066497880004	0.0	2.70805020110221	0.0	0.0	0.0	2.302585092994046	0.0	1.0986122886681098	0.0	0.0	0.0	0.0	0.0	2.772588722239781	0.0	1.9459101490553132	0.0	0.0	0.0	0.0	0.0	0.0	0.0	0.0	0.0	0.0	0.0	1.0986122886681098	0.6931471805599453	0.0	0.0	1.9459101490553132	0.0	3.295836866004329
SRR23492522	0.0	2.4849066497880004	1.6094379124341003	0.0	0.0	8.136810863675537	0.0	6.424869023905388	1.3862943611198906	2.5649493574615367	2.6390573296152584	1.0986122886681098	0.0	0.0	0.0	1.9459101490553132	0.0	2.5649493574615367	0.0	1.791759469228055	0.0	4.290459441148391	0.0	0.0	3.1780538303479458	0.0	0.0	4.634728988229636	1.0986122886681098	0.0	0.6931471805599453	3.871201010907891	0.0	1.3862943611198906	1.0986122886681098	3.4011973816621555	0.0	0.0	1.791759469228055	0.0	0.0	0.0	0.0	0.0	0.0	2.5649493574615367	0.0	5.537334267018537	0.0	0.0	5.568344503761097	0.0	0.0	0.0	0.0	2.772588722239781	5.82600010738045	0.0	0.0	0.0	0.0	0.0	4.74493212836325	0.0	0.0	0.0	0.6931471805599453	0.0	5.37989735354046	1.0986122886681098	1.0986122886681098	0.0	0.0	0.0	0.0	0.0	0.0	0.0	0.0	1.9459101490553132	0.0	3.6635616461296463	0.0	0.0	1.6094379124341003	2.833213344056216	0.0	0.0	3.6109179126442243	3.7376696182833684	2.4849066497880004	0.0	3.6375861597263857	0.0	0.0	0.0	0.0	0.0	1.3862943611198906	0.0	0.0	1.9459101490553132	0.0	0.0	1.791759469228055	2.5649493574615367	0.0	0.0	2.995732273553991	1.0986122886681098	0.0	5.0689042022202315	0.0	0.0	1.6094379124341003	4.290459441148391	0.0	1.0986122886681098	0.0	0.0	0.0	3.4339872044851463	0.0	0.0	0.0	1.6094379124341003	0.0	2.1972245773362196	1.6094379124341003	2.0794415416798357	0.0	0.0	1.0986122886681098	0.0	1.3862943611198906	0.0	2.0794415416798357	0.0	1.791759469228055	3.367295829986474	0.0	0.0	0.0	0.0	1.6094379124341003	0.6931471805599453	0.0	0.0	0.0	2.995732273553991	0.0	0.0	0.0	0.0	0.0	0.0	0.0	0.0	0.0	0.0	0.0	0.0	1.0986122886681098	0.0	0.0	0.0	0.0	0.0	0.0	0.0	0.0	0.0	0.0	0.0	0.0	0.0	0.0	0.0	0.0	0.0	0.0	0.0	1.9459101490553132	0.0	0.0	0.0	0.0	0.0	0.0
SRR23492523	0.0	2.70805020110221	0.0	0.0	0.0	0.0	0.0	6.385194398997726	2.0794415416798357	1.3862943611198906	0.0	0.0	0.0	0.0	8.491875383431948	0.0	3.1354942159291497	2.3978952727983707	0.0	1.9459101490553132	0.0	1.791759469228055	0.0	1.791759469228055	2.995732273553991	0.0	0.6931471805599453	0.0	0.6931471805599453	0.0	0.0	0.0	0.0	0.0	1.0986122886681098	0.0	0.0	0.0	0.0	0.0	0.0	0.0	0.0	0.0	0.0	0.0	0.0	4.343805421853684	0.0	0.0	5.817111159963204	0.0	0.0	0.0	0.0	0.0	0.0	0.0	0.0	0.6931471805599453	1.0986122886681098	2.302585092994046	0.0	0.0	0.0	0.0	0.0	0.0	0.0	0.0	1.6094379124341003	0.0	1.0986122886681098	0.6931471805599453	0.0	0.0	0.0	0.0	2.6390573296152584	0.0	0.0	0.0	1.0986122886681098	0.0	0.0	0.0	0.0	0.0	4.356708826689592	0.0	0.0	0.0	0.0	0.0	0.0	0.0	0.0	0.0	2.302585092994046	0.0	0.0	0.0	0.0	0.0	0.0	3.091042453358316	0.0	0.0	0.6931471805599453	0.0	0.0	0.6931471805599453	0.0	0.0	0.0	0.0	0.0	0.0	0.0	0.0	0.0	0.0	0.0	0.0	0.0	0.0	0.0	0.0	0.0	2.3978952727983707	0.0	1.3862943611198906	0.0	0.0	0.0	0.0	0.0	0.0	0.0	0.0	0.0	0.0	0.0	0.0	2.9444389791664403	0.0	0.0	0.0	0.0	0.0	0.0	0.0	0.0	0.0	1.6094379124341003	0.0	0.0	0.0	0.0	0.0	0.0	0.6931471805599453	0.0	0.0	0.0	0.0	0.0	0.0	0.0	0.0	0.0	0.0	0.0	0.0	0.0	0.0	0.0	0.0	0.0	0.0	0.0	0.0	2.4849066497880004	0.0	0.0	0.0	0.0	0.0	0.0
SRR23492524	0.6931471805599453	2.833213344056216	2.995732273553991	0.0	0.0	1.0986122886681098	0.0	6.455198563340122	0.0	2.772588722239781	0.0	0.0	0.0	0.0	3.9512437185814275	0.0	0.0	0.0	0.0	1.3862943611198906	2.4849066497880004	6.932447891572509	0.0	6.810142450115136	2.302585092994046	0.0	0.0	6.815639990074331	2.3978952727983707	0.6931471805599453	0.0	0.0	0.0	0.0	0.6931471805599453	0.0	0.0	0.0	0.0	0.0	0.0	0.0	0.0	0.0	0.0	4.653960350157523	0.6931471805599453	6.811244378601294	0.0	0.0	6.049733455231958	0.0	0.0	0.0	0.0	0.0	0.6931471805599453	0.0	0.0	0.0	1.791759469228055	1.0986122886681098	0.0	0.0	0.0	0.0	3.8066624897703196	0.0	3.258096538021482	2.6390573296152584	1.791759469228055	0.0	1.9459101490553132	0.0	0.0	0.0	0.0	0.0	0.0	0.0	0.0	1.3862943611198906	6.212606095751519	0.0	0.6931471805599453	3.4339872044851463	0.0	0.0	0.0	0.0	0.0	0.0	0.0	0.0	0.0	0.0	0.6931471805599453	0.0	4.477336814478207	0.0	0.0	0.0	0.0	0.0	0.0	1.3862943611198906	0.0	0.0	0.0	0.0	0.0	1.6094379124341003	0.0	0.0	0.0	0.0	0.0	0.0	0.0	0.0	0.0	0.0	0.0	0.0	0.0	0.0	0.0	0.0	0.0	0.0	1.0986122886681098	0.0	3.1780538303479458	0.0	1.3862943611198906	0.0	0.0	0.0	0.0	0.0	0.0	0.6931471805599453	0.0	0.0	3.5263605246161616	0.6931471805599453	0.0	0.0	0.0	0.0	0.0	0.0	0.0	0.0	0.0	2.6390573296152584	0.0	0.0	0.0	2.1972245773362196	0.6931471805599453	5.0369526024136295	0.0	0.0	0.0	0.0	0.0	0.0	0.0	0.0	0.0	0.0	0.0	0.0	0.0	0.0	0.0	0.0	0.0	0.0	0.0	0.0	2.772588722239781	0.0	1.0986122886681098	0.0	0.0	0.0	0.0
SRR23492525	2.6390573296152584	7.671826797878781	0.0	4.430816798843313	0.0	4.553876891600541	0.0	4.919980925828125	1.9459101490553132	0.0	2.1972245773362196	1.0986122886681098	0.6931471805599453	0.0	0.0	2.1972245773362196	0.0	0.0	0.0	0.6931471805599453	0.0	4.248495242049359	1.0986122886681098	0.6931471805599453	0.0	0.0	0.6931471805599453	3.4657359027997265	2.3978952727983707	0.0	5.652489180268651	2.995732273553991	0.0	0.0	0.0	0.0	1.3862943611198906	0.0	0.0	4.969813299576001	7.051855622955894	0.0	0.0	0.0	0.0	0.0	5.236441962829949	6.840546529288687	0.6931471805599453	0.0	3.258096538021482	2.0794415416798357	1.3862943611198906	3.5263605246161616	2.70805020110221	1.0986122886681098	5.44673737166631	0.0	0.0	0.0	0.6931471805599453	3.912023005428146	2.4849066497880004	1.0986122886681098	3.332204510175204	3.8918202981106265	0.0	1.3862943611198906	1.3862943611198906	1.0986122886681098	2.6390573296152584	4.890349128221754	0.0	0.0	0.0	0.0	0.6931471805599453	0.6931471805599453	0.0	0.0	0.0	0.0	0.6931471805599453	1.9459101490553132	2.0794415416798357	2.4849066497880004	0.0	0.0	2.1972245773362196	2.1972245773362196	0.6931471805599453	0.0	0.0	0.0	1.791759469228055	0.0	0.0	0.0	2.8903717578961645	1.3862943611198906	0.0	1.0986122886681098	0.0	0.0	0.0	0.6931471805599453	1.6094379124341003	1.9459101490553132	1.6094379124341003	0.0	3.044522437723423	2.0794415416798357	0.0	0.0	0.0	0.0	0.0	0.0	0.0	0.0	1.0986122886681098	0.0	0.6931471805599453	0.0	0.0	1.3862943611198906	0.0	0.0	0.0	0.0	1.0986122886681098	0.0	0.0	0.0	0.6931471805599453	0.0	0.0	2.3978952727983707	0.6931471805599453	0.0	0.0	0.0	0.0	0.0	0.0	1.6094379124341003	0.6931471805599453	0.0	0.6931471805599453	0.6931471805599453	0.0	0.0	2.1972245773362196	2.3978952727983707	1.791759469228055	1.3862943611198906	1.0986122886681098	0.0	0.0	0.0	2.1972245773362196	1.791759469228055	0.0	0.0	1.3862943611198906	0.6931471805599453	0.0	0.6931471805599453	0.6931471805599453	0.0	1.6094379124341003	0.0	0.0	0.6931471805599453	0.0	0.6931471805599453	0.0	1.3862943611198906	0.0	0.0	0.0	0.6931471805599453	3.1354942159291497	0.0	0.0	0.0	0.6931471805599453	0.0	1.3862943611198906
SRR23492530	0.0	2.5649493574615367	4.882801922586371	0.6931471805599453	0.0	7.164720378771857	0.0	4.8283137373023015	3.367295829986474	0.0	0.0	0.0	0.0	0.0	0.0	0.0	0.0	0.0	0.0	5.717027701406222	2.0794415416798357	2.9444389791664403	0.0	2.0794415416798357	2.4849066497880004	0.0	0.0	0.0	1.0986122886681098	0.0	0.0	0.6931471805599453	0.0	0.0	1.791759469228055	0.0	0.0	0.0	1.6094379124341003	1.0986122886681098	0.0	0.0	0.0	0.0	0.0	2.0794415416798357	0.0	7.656810091480378	0.0	0.6931471805599453	4.07753744390572	0.0	0.0	0.0	0.6931471805599453	0.0	7.407924322559599	0.0	0.0	1.0986122886681098	0.0	1.0986122886681098	0.0	0.0	0.0	0.0	0.0	0.0	2.302585092994046	0.6931471805599453	0.6931471805599453	0.0	0.0	0.0	0.0	0.0	0.0	0.0	1.0986122886681098	0.0	1.9459101490553132	2.772588722239781	0.0	0.0	0.0	1.3862943611198906	0.0	0.0	3.044522437723423	0.0	3.9512437185814275	0.0	1.6094379124341003	0.0	0.0	0.0	0.0	0.0	0.6931471805599453	0.0	0.0	0.0	0.0	0.0	0.0	0.6931471805599453	0.0	0.0	0.6931471805599453	0.0	0.0	0.0	0.0	0.0	0.0	0.0	0.0	0.0	0.0	0.0	0.0	0.0	0.0	0.0	0.0	0.0	0.0	3.970291913552122	0.0	0.0	3.4339872044851463	0.0	0.0	0.0	1.791759469228055	0.0	0.0	2.3978952727983707	0.0	0.0	0.0	0.0	0.0	1.791759469228055	1.3862943611198906	0.0	1.0986122886681098	3.044522437723423	0.0	0.0	0.0	0.0	0.0	0.0	0.0	0.0	0.0	0.0	0.0	0.0	0.0	5.181783550292085	0.0	0.0	0.0	0.0	0.0	0.0	0.0	0.0	0.0	0.0	0.0	0.0	0.0	0.0	0.0	0.0	0.6931471805599453	0.0	0.0	0.0	1.791759469228055	0.0	1.6094379124341003	0.0	0.0	0.0	0.0
SRR23492531	0.0	3.4339872044851463	0.6931471805599453	5.480638923341991	1.0986122886681098	5.537334267018537	0.0	7.231287004327616	3.4657359027997265	0.0	1.3862943611198906	0.0	0.0	0.0	3.58351893845611	1.791759469228055	2.1972245773362196	0.6931471805599453	0.0	0.0	0.0	4.804021044733257	0.0	2.3978952727983707	0.0	1.3862943611198906	4.543294782270004	5.402677381872279	1.3862943611198906	0.0	0.0	2.4849066497880004	2.1972245773362196	0.0	2.8903717578961645	0.0	1.0986122886681098	0.0	0.0	5.424950017481403	0.0	0.0	0.0	0.0	0.0	4.23410650459726	0.0	3.5553480614894135	1.3862943611198906	0.0	5.648974238161206	0.0	0.0	0.0	0.0	1.3862943611198906	3.784189633918261	1.3862943611198906	0.0	0.0	0.0	1.0986122886681098	0.0	2.1972245773362196	0.0	0.0	1.6094379124341003	0.0	5.187385805840755	3.4657359027997265	2.302585092994046	0.0	0.0	0.0	0.0	4.02535169073515	1.9459101490553132	0.0	0.0	0.0	0.6931471805599453	3.2188758248682006	4.343805421853684	0.0	0.6931471805599453	2.70805020110221	0.0	0.0	6.040254711277414	4.07753744390572	0.0	0.0	0.0	0.0	0.0	0.0	1.0986122886681098	0.0	2.5649493574615367	0.0	0.0	4.276666119016055	0.0	1.0986122886681098	2.4849066497880004	1.3862943611198906	1.791759469228055	0.0	0.0	0.0	6.1903154058531475	0.0	1.6094379124341003	0.0	0.0	7.113142108707088	0.0	0.0	0.0	0.0	0.0	0.0	0.0	0.0	0.0	0.0	0.0	0.0	0.0	0.0	0.0	0.0	2.302585092994046	1.791759469228055	1.0986122886681098	0.0	1.3862943611198906	4.465908118654584	0.0	0.0	0.0	0.0	0.6931471805599453	0.0	1.9459101490553132	1.3862943611198906	0.0	2.4849066497880004	0.0	1.3862943611198906	0.0	0.0	0.0	0.0	0.0	2.0794415416798357	0.0	0.0	0.0	0.0	2.5649493574615367	0.0	0.0	0.0	0.0	0.0	0.0	0.0	0.0	0.0	0.0	3.044522437723423	0.0	0.0	0.0	3.044522437723423	1.0986122886681098	0.0	0.0	1.6094379124341003	0.0	0.0	1.0986122886681098	0.0	0.0	0.0	0.0	1.0986122886681098	0.0
SRR23492532	0.0	1.0986122886681098	0.0	1.9459101490553132	0.0	3.258096538021482	0.0	6.656726524178391	5.560681631015528	4.127134385045092	0.0	0.0	0.0	0.0	0.0	3.4657359027997265	0.0	2.772588722239781	0.0	0.6931471805599453	1.3862943611198906	6.452048954437226	0.0	2.6390573296152584	0.0	0.0	0.0	0.0	4.3694478524670215	0.0	0.0	6.037870919922137	0.0	0.0	3.912023005428146	0.0	0.0	0.0	0.0	0.0	0.0	0.0	3.58351893845611	1.3862943611198906	0.0	5.389071729816501	3.4965075614664802	3.258096538021482	3.1780538303479458	0.0	6.70073110954781	3.4657359027997265	0.0	0.0	0.0	0.0	0.0	0.0	0.0	1.0986122886681098	1.6094379124341003	2.3978952727983707	0.0	0.0	0.0	1.9459101490553132	5.123963979403259	0.0	5.796057750765372	3.784189633918261	6.202535517187923	0.0	1.791759469228055	0.0	0.0	1.9459101490553132	0.0	0.0	0.0	0.0	0.0	0.6931471805599453	0.0	0.0	0.0	0.0	0.0	0.0	1.3862943611198906	2.0794415416798357	0.0	0.0	0.0	0.0	0.0	0.0	0.0	0.0	6.70808408385307	0.0	0.0	0.0	0.0	1.791759469228055	0.0	4.736198448394496	0.0	0.0	0.0	0.0	2.70805020110221	1.791759469228055	0.0	0.0	0.0	0.0	0.0	0.0	0.0	0.0	0.0	0.0	1.0986122886681098	0.0	0.0	0.0	0.0	1.791759469228055	3.044522437723423	0.0	0.0	0.0	5.855071922202427	0.0	3.6635616461296463	0.0	0.0	0.0	0.0	0.0	0.0	0.0	0.0	0.0	2.0794415416798357	3.912023005428146	1.3862943611198906	0.0	0.0	0.0	0.0	0.0	0.0	0.0	0.0	3.4339872044851463	0.0	0.0	0.0	2.302585092994046	0.0	2.9444389791664403	0.0	0.0	0.0	0.0	0.0	0.0	0.0	0.0	0.0	0.0	0.0	0.0	0.0	0.0	0.0	0.0	2.6390573296152584	2.4849066497880004	0.0	0.0	0.0	0.0	1.6094379124341003	0.0	0.0	0.0	0.0
SRR23492534	0.0	6.135564891081739	0.0	7.472500744737558	0.0	0.0	0.0	4.23410650459726	0.0	4.709530201312334	0.0	0.0	0.0	0.0	0.6931471805599453	5.2832037287379885	0.0	0.0	0.0	0.0	2.4849066497880004	4.61512051684126	0.0	2.6390573296152584	0.0	0.0	0.0	0.0	6.20455776256869	0.0	0.0	0.0	1.0986122886681098	0.0	3.2188758248682006	0.0	0.6931471805599453	0.0	0.0	0.0	0.0	0.6931471805599453	0.0	0.0	0.0	4.804021044733257	0.0	0.0	0.0	0.0	7.562681246721884	0.0	0.0	0.0	0.0	0.0	0.0	0.0	0.0	0.0	2.0794415416798357	0.0	0.0	0.0	0.0	0.0	0.0	0.0	0.6931471805599453	1.6094379124341003	4.997212273764115	0.0	0.6931471805599453	0.0	0.0	0.0	0.0	0.0	0.0	0.0	0.0	0.0	0.0	0.0	0.0	0.0	0.0	0.0	0.0	0.0	1.3862943611198906	0.0	0.6931471805599453	0.0	0.0	0.0	0.6931471805599453	0.0	5.0369526024136295	0.0	0.0	0.0	0.0	0.0	2.4849066497880004	3.871201010907891	0.0	0.0	2.1972245773362196	0.0	0.0	0.0	0.0	0.0	1.3862943611198906	0.0	0.0	3.7376696182833684	0.0	0.0	0.0	0.0	0.0	0.0	0.0	0.0	0.0	2.0794415416798357	0.0	0.0	0.0	1.0986122886681098	3.4339872044851463	0.0	2.995732273553991	0.0	0.0	5.568344503761097	0.0	2.4849066497880004	0.0	0.0	3.1354942159291497	0.0	5.111987788356544	1.9459101490553132	0.0	0.0	0.0	0.0	0.0	0.0	0.0	0.0	0.0	0.0	0.0	0.0	0.0	0.0	0.0	0.0	0.0	0.0	0.0	0.0	0.0	0.0	0.0	0.0	0.0	0.0	0.0	0.0	0.0	0.0	0.0	0.0	0.0	0.0	0.0	0.0	1.791759469228055	0.0	0.0	0.0	0.0	0.0	0.0
SRR23492545	2.6390573296152584	5.303304908059076	0.0	7.636752112435779	0.0	2.772588722239781	0.0	4.442651256490317	0.0	0.0	2.1972245773362196	0.6931471805599453	0.0	0.0	0.6931471805599453	1.791759469228055	0.0	0.0	0.0	0.0	0.0	2.0794415416798357	2.3978952727983707	1.6094379124341003	0.0	0.0	0.0	3.6109179126442243	0.6931471805599453	0.0	5.342334251964811	0.6931471805599453	0.0	0.0	0.0	0.0	0.0	0.0	0.0	1.3862943611198906	0.0	0.0	0.0	0.0	0.0	0.0	0.6931471805599453	8.051340933292979	0.0	0.0	4.174387269895637	0.0	0.0	0.0	3.044522437723423	0.0	2.302585092994046	0.0	4.23410650459726	0.0	0.0	0.0	0.0	0.6931471805599453	0.0	0.0	0.0	0.0	1.0986122886681098	3.9512437185814275	0.6931471805599453	0.0	0.0	0.0	0.0	0.0	0.0	0.0	0.0	1.0986122886681098	1.0986122886681098	1.0986122886681098	2.4849066497880004	0.0	1.6094379124341003	0.0	0.0	0.0	3.1780538303479458	1.6094379124341003	1.3862943611198906	0.0	1.6094379124341003	0.0	0.0	0.0	0.0	0.0	2.3978952727983707	1.6094379124341003	1.3862943611198906	2.5649493574615367	0.0	0.0	0.0	0.0	0.6931471805599453	0.0	0.0	2.4849066497880004	2.0794415416798357	0.0	1.6094379124341003	0.0	0.0	0.0	0.0	0.0	0.0	0.0	0.0	0.0	0.0	0.0	0.6931471805599453	0.0	0.0	0.0	0.0	0.0	0.0	0.0	0.0	0.0	1.3862943611198906	0.0	3.295836866004329	3.332204510175204	0.0	0.0	0.0	0.0	0.0	1.0986122886681098	0.6931471805599453	0.0	0.0	0.0	0.0	1.3862943611198906	0.0	0.0	0.0	0.0	0.0	0.0	0.6931471805599453	0.0	0.0	0.0	2.1972245773362196	1.3862943611198906	0.0	0.0	0.0	0.0	0.0	3.091042453358316	0.0	0.0	0.0	0.0	0.0	0.0	0.0	0.0	0.0	0.0	0.0	1.0986122886681098	0.0	0.0	1.0986122886681098	0.0	1.3862943611198906	0.6931471805599453	0.0	0.0	0.0
SRR23492546	0.0	3.4965075614664802	1.791759469228055	0.6931471805599453	0.0	4.624972813284271	0.0	5.6240175061873385	1.9459101490553132	0.0	4.143134726391533	2.1972245773362196	0.0	0.0	0.0	1.6094379124341003	0.0	1.0986122886681098	0.0	1.3862943611198906	1.6094379124341003	4.248495242049359	0.6931471805599453	3.9318256327243257	0.6931471805599453	0.0	0.0	4.59511985013459	0.6931471805599453	0.0	6.396929655216146	4.584967478670572	0.0	0.0	5.318119993844216	0.0	0.0	0.0	0.0	2.833213344056216	0.0	0.0	0.0	0.0	0.0	2.9444389791664403	1.791759469228055	7.8961806086154915	1.9459101490553132	3.044522437723423	5.966146739123692	0.0	0.0	4.532599493153256	0.0	2.302585092994046	4.624972813284271	0.0	0.0	0.0	0.0	0.0	1.0986122886681098	1.6094379124341003	0.0	0.0	0.0	0.0	4.060443010546419	3.4011973816621555	1.3862943611198906	0.0	0.0	1.0986122886681098	0.0	0.0	0.0	0.0	0.6931471805599453	0.0	0.0	1.0986122886681098	0.0	0.0	1.6094379124341003	4.727387818712341	0.0	0.0	5.66988092298052	2.772588722239781	1.791759469228055	0.0	2.4849066497880004	0.0	0.0	0.0	0.0	0.0	2.3978952727983707	0.0	0.0	0.0	0.0	0.0	3.9512437185814275	2.772588722239781	2.9444389791664403	0.0	0.0	2.995732273553991	4.700480365792417	1.0986122886681098	3.713572066704308	0.0	0.0	5.313205979041787	0.0	0.0	0.0	0.0	0.0	2.302585092994046	0.0	0.0	0.0	0.0	0.0	0.0	0.0	0.0	0.0	0.0	3.091042453358316	0.0	0.0	0.0	0.0	3.713572066704308	0.0	0.0	3.4011973816621555	0.0	0.0	0.0	1.6094379124341003	0.0	0.0	0.0	0.0	1.6094379124341003	0.0	0.0	0.0	0.0	2.1972245773362196	1.6094379124341003	0.0	0.0	2.4849066497880004	0.0	0.0	4.812184355372417	0.0	0.0	0.0	0.0	0.6931471805599453	0.0	0.0	0.0	0.0	0.0	0.0	0.0	0.0	0.0	1.6094379124341003	0.0	0.0	0.0	0.0	0.0	2.0794415416798357	0.0	0.0	0.0	0.0	0.0	0.0
SRR23492547	0.0	4.0943445622221	0.0	0.0	0.0	6.684611727667927	0.0	7.653020413804189	0.6931471805599453	5.860786223465865	0.0	0.0	0.0	0.0	0.0	1.791759469228055	1.0986122886681098	1.3862943611198906	0.6931471805599453	0.0	0.0	3.295836866004329	0.0	1.0986122886681098	1.0986122886681098	0.0	0.0	0.0	0.0	0.0	0.0	5.303304908059076	0.0	0.0	0.0	0.0	0.6931471805599453	0.0	0.0	0.0	0.0	0.0	0.0	0.0	0.0	7.188412736496954	0.0	5.908082938168931	0.6931471805599453	0.0	5.846438775057725	0.0	0.0	0.0	0.0	0.0	1.6094379124341003	0.0	0.0	0.0	0.0	0.6931471805599453	0.0	0.0	0.0	0.0	5.181783550292085	0.0	4.663439094112067	0.0	0.0	2.3978952727983707	1.791759469228055	0.0	0.0	0.0	0.0	0.0	0.0	0.0	0.0	0.0	0.0	0.0	0.0	0.0	0.0	0.0	0.0	0.0	0.0	0.0	0.0	0.0	0.0	2.302585092994046	0.0	0.0	1.0986122886681098	0.0	0.0	0.0	0.0	0.0	0.0	3.044522437723423	0.0	0.0	4.2626798770413155	0.0	0.0	0.0	0.0	0.0	0.6931471805599453	0.0	0.0	0.0	0.0	1.0986122886681098	0.0	0.0	0.0	0.0	0.0	0.0	0.0	0.0	0.0	1.0986122886681098	0.0	1.6094379124341003	4.969813299576001	0.0	0.0	0.0	0.0	0.0	0.0	0.0	0.0	0.0	0.0	0.0	1.791759469228055	0.0	0.0	0.0	0.0	0.0	0.0	0.0	0.0	0.0	0.0	0.0	0.0	0.0	0.0	0.0	0.0	0.0	0.0	0.0	0.0	0.0	0.0	0.0	0.0	0.0	0.0	0.0	0.0	0.0	0.0	0.0	0.0	0.0	0.0	0.0	0.0	0.0	3.1780538303479458	0.0	0.0	0.0	0.0	0.0	0.0
SRR23492549	1.0986122886681098	5.953243334287785	0.0	0.0	0.0	2.5649493574615367	0.0	3.4965075614664802	3.1354942159291497	5.926926025970411	0.0	0.0	0.0	0.0	0.0	2.9444389791664403	1.6094379124341003	5.786897381366708	0.0	1.9459101490553132	3.4011973816621555	5.3471075307174685	0.0	4.804021044733257	0.0	0.0	0.0	0.0	0.0	0.0	0.0	0.0	0.0	0.0	4.59511985013459	0.0	1.3862943611198906	0.0	0.0	0.0	0.0	0.0	1.0986122886681098	0.0	0.0	0.0	0.0	0.0	0.0	0.0	6.131226489483141	0.0	0.0	0.0	0.0	0.0	0.0	0.0	0.0	0.0	1.9459101490553132	3.367295829986474	2.70805020110221	0.0	0.0	0.0	0.0	0.0	2.1972245773362196	0.0	1.9459101490553132	0.0	2.1972245773362196	0.0	0.0	0.0	0.0	0.0	0.6931471805599453	0.6931471805599453	2.3978952727983707	0.0	0.0	1.791759469228055	0.0	0.0	0.0	0.0	0.0	0.0	0.6931471805599453	0.0	3.332204510175204	0.0	0.0	0.0	0.0	0.0	4.04305126783455	0.0	0.0	0.0	0.0	0.0	0.0	1.3862943611198906	0.0	0.0	5.937536205082426	3.784189633918261	0.0	0.0	0.0	0.0	2.995732273553991	0.0	3.044522437723423	0.0	0.0	0.0	0.0	0.0	0.0	0.0	0.0	0.0	0.0	0.0	0.0	0.0	0.0	0.0	0.0	0.0	0.0	0.0	0.0	0.0	0.0	3.5553480614894135	0.0	1.791759469228055	0.0	0.0	5.575949103146316	0.0	0.0	0.0	0.0	0.0	0.0	0.0	0.0	0.0	0.0	0.0	0.0	0.0	0.0	0.0	0.0	7.115582126184454	4.465908118654584	0.0	0.0	0.0	0.0	0.0	0.0	0.0	0.0	0.0	0.0	0.0	0.0	0.0	0.0	0.0	0.0	0.0	0.0	0.0	1.3862943611198906	3.784189633918261	0.0	0.0	0.0	0.0	0.0
SRR23492550	4.762173934797756	5.54907608489522	0.0	6.863803391452954	0.0	3.5263605246161616	0.0	6.198478716492308	2.4849066497880004	0.0	2.995732273553991	0.0	0.0	0.0	0.0	2.0794415416798357	0.0	0.0	0.0	5.568344503761097	1.3862943611198906	4.465908118654584	0.0	0.6931471805599453	0.0	0.0	0.0	6.456769655572163	4.31748811353631	3.367295829986474	2.6390573296152584	1.3862943611198906	0.0	0.0	2.5649493574615367	0.0	1.0986122886681098	0.0	1.0986122886681098	2.4849066497880004	5.572154032177765	0.0	0.6931471805599453	0.0	0.0	3.332204510175204	2.833213344056216	4.672828834461906	1.791759469228055	0.0	5.267858159063328	3.2188758248682006	0.0	1.6094379124341003	0.6931471805599453	1.6094379124341003	3.8066624897703196	0.0	0.0	0.0	2.0794415416798357	4.836281906951478	2.302585092994046	2.8903717578961645	1.6094379124341003	0.0	0.0	0.0	0.6931471805599453	0.6931471805599453	5.241747015059643	0.6931471805599453	1.0986122886681098	0.0	0.0	0.0	1.0986122886681098	0.6931471805599453	0.0	0.0	0.6931471805599453	0.0	4.143134726391533	0.0	0.6931471805599453	1.6094379124341003	0.6931471805599453	0.6931471805599453	5.840641657373398	4.736198448394496	0.0	0.0	1.3862943611198906	0.0	0.0	0.6931471805599453	0.0	0.0	5.049856007249537	4.174387269895637	1.3862943611198906	5.641907070938114	0.0	1.791759469228055	4.204692619390966	6.102558594613569	1.0986122886681098	2.9444389791664403	0.0	0.0	1.3862943611198906	2.1972245773362196	4.499809670330265	0.0	0.0	0.0	0.0	0.0	1.0986122886681098	0.0	0.0	0.0	0.0	4.663439094112067	4.454347296253507	1.0986122886681098	0.0	0.0	1.9459101490553132	0.0	0.0	0.0	0.0	3.6888794541139363	1.0986122886681098	0.6931471805599453	2.9444389791664403	2.70805020110221	0.0	0.0	0.6931471805599453	0.0	1.0986122886681098	0.0	2.1972245773362196	0.6931471805599453	3.871201010907891	0.0	0.6931471805599453	0.0	0.0	0.0	0.0	1.3862943611198906	0.6931471805599453	3.295836866004329	0.0	0.0	0.0	0.6931471805599453	2.4849066497880004	0.0	0.0	0.0	0.0	1.3862943611198906	0.0	2.5649493574615367	3.7376696182833684	0.0	0.0	1.3862943611198906	0.0	0.0	0.0	2.1972245773362196	0.0	0.0	1.9459101490553132	1.3862943611198906	0.0	0.0	2.3978952727983707	1.3862943611198906	1.6094379124341003	0.0	0.0	0.0	0.6931471805599453
SRR23492551	0.0	4.356708826689592	0.0	4.110873864173311	0.0	3.784189633918261	0.0	7.636752112435779	0.0	0.0	3.1780538303479458	0.0	0.0	0.0	2.772588722239781	2.772588722239781	0.6931471805599453	0.0	0.0	0.0	0.0	2.1972245773362196	0.0	0.0	0.0	0.0	0.0	7.157735484249907	2.302585092994046	0.0	0.0	1.3862943611198906	0.0	0.6931471805599453	0.0	0.0	0.6931471805599453	0.6931471805599453	0.0	2.1972245773362196	5.267858159063328	0.0	0.0	0.0	0.0	2.6390573296152584	0.0	6.410174881966167	0.0	0.0	5.176149732573829	0.0	0.0	0.0	0.0	0.0	2.8903717578961645	0.0	5.501258210544727	0.0	0.0	2.1972245773362196	0.6931471805599453	0.0	0.0	0.0	0.0	0.0	2.9444389791664403	4.418840607796598	0.0	0.0	0.6931471805599453	0.0	0.0	0.0	0.0	0.0	0.0	0.0	3.784189633918261	2.833213344056216	1.3862943611198906	0.0	2.302585092994046	2.4849066497880004	0.0	0.0	6.238324625039508	4.927253685157205	0.0	0.0	0.0	0.0	0.0	0.0	0.0	0.0	4.04305126783455	0.0	0.0	2.70805020110221	0.0	0.0	0.0	1.791759469228055	1.3862943611198906	0.0	2.1972245773362196	2.1972245773362196	1.3862943611198906	3.6635616461296463	0.0	0.0	0.0	0.0	0.0	2.1972245773362196	0.0	0.0	0.0	0.0	0.0	0.0	0.0	0.0	0.0	0.0	0.0	1.0986122886681098	0.0	0.0	0.0	0.0	4.007333185232471	0.0	0.0	2.4849066497880004	0.0	0.0	0.0	0.0	0.0	0.0	0.0	0.0	1.9459101490553132	1.791759469228055	0.0	1.6094379124341003	0.0	0.0	0.0	0.0	0.0	2.70805020110221	0.0	0.0	0.0	0.6931471805599453	3.6888794541139363	0.0	0.0	0.0	0.0	0.0	0.6931471805599453	0.0	0.0	0.0	0.0	0.6931471805599453	0.0	0.0	0.0	0.0	0.6931471805599453	2.0794415416798357	1.0986122886681098	3.4657359027997265	1.3862943611198906	0.0	3.4339872044851463	1.0986122886681098	0.6931471805599453	1.6094379124341003	0.0	0.0	0.0
SRR23492553	0.0	2.8903717578961645	0.0	0.0	0.0	2.302585092994046	0.0	6.779921907472252	0.0	5.58724865840025	1.6094379124341003	0.0	0.0	0.0	1.9459101490553132	2.70805020110221	0.0	1.6094379124341003	0.0	2.1972245773362196	4.962844630259907	5.075173815233827	0.0	1.0986122886681098	0.0	0.0	0.0	5.3981627015177525	3.091042453358316	0.0	1.6094379124341003	0.0	0.0	0.0	4.812184355372417	0.0	1.0986122886681098	0.0	0.0	0.6931471805599453	6.6895992691789665	1.6094379124341003	1.3862943611198906	0.0	0.0	0.0	1.791759469228055	6.113682179832232	0.6931471805599453	0.0	6.408528791059498	0.0	0.0	0.0	0.0	0.0	2.3978952727983707	0.0	0.0	0.0	1.9459101490553132	0.0	0.0	0.0	0.0	0.0	2.1972245773362196	0.0	5.771441123130016	3.044522437723423	2.1972245773362196	0.0	1.791759469228055	3.367295829986474	0.0	0.0	0.0	0.0	0.0	0.0	0.0	2.3978952727983707	0.0	0.0	0.0	3.6635616461296463	0.0	0.0	3.258096538021482	1.0986122886681098	1.9459101490553132	0.0	0.0	0.0	0.0	0.0	0.0	0.0	4.68213122712422	0.0	0.0	0.0	0.0	2.4849066497880004	2.5649493574615367	3.4011973816621555	0.0	0.0	2.70805020110221	0.0	5.726847747587197	2.995732273553991	0.0	0.0	0.0	0.0	0.0	0.0	0.0	0.0	0.0	0.0	0.0	0.0	0.0	0.0	0.0	0.0	0.0	0.0	1.3862943611198906	0.0	3.5263605246161616	0.0	4.700480365792417	0.0	3.784189633918261	6.875232087276577	0.0	0.0	5.3471075307174685	1.0986122886681098	0.0	0.0	1.6094379124341003	2.995732273553991	0.0	0.0	0.0	0.0	0.0	0.0	0.0	0.0	0.0	0.0	0.0	0.0	0.0	0.6931471805599453	4.1588830833596715	0.6931471805599453	0.0	0.0	0.0	0.0	0.0	1.3862943611198906	1.0986122886681098	0.0	0.0	0.0	0.0	0.0	0.0	0.0	0.0	0.0	1.6094379124341003	0.0	0.0	0.0	2.3978952727983707	0.0	2.3978952727983707	0.0	0.0	0.0	0.0
SRR23492554	0.0	4.867534450455582	0.0	1.0986122886681098	0.0	6.643789733147672	0.0	7.170888478512505	0.0	0.0	0.0	0.0	0.0	0.0	0.0	2.6390573296152584	0.0	3.713572066704308	0.0	0.0	0.6931471805599453	4.127134385045092	0.0	0.6931471805599453	0.0	0.0	0.0	2.995732273553991	0.0	0.0	0.0	0.0	0.0	1.0986122886681098	3.091042453358316	0.0	1.3862943611198906	0.0	0.0	5.730099782973574	0.0	0.0	0.0	0.0	0.6931471805599453	3.5553480614894135	0.6931471805599453	5.19295685089021	3.912023005428146	5.19295685089021	5.488937726156687	0.0	0.0	0.0	3.5263605246161616	3.2188758248682006	3.1354942159291497	0.0	4.852030263919617	0.0	2.1972245773362196	1.6094379124341003	6.51471269087253	0.0	0.0	0.0	3.6109179126442243	0.0	3.091042453358316	0.0	0.0	0.0	2.4849066497880004	0.0	0.0	0.0	0.0	1.791759469228055	0.0	2.4849066497880004	0.0	1.791759469228055	0.0	0.0	0.0	0.0	0.0	0.0	3.367295829986474	4.852030263919617	4.418840607796598	1.6094379124341003	4.844187086458591	0.0	3.7612001156935624	0.0	0.0	0.0	1.0986122886681098	5.0369526024136295	0.0	5.10594547390058	0.0	2.1972245773362196	2.302585092994046	4.007333185232471	4.532599493153256	0.0	4.343805421853684	0.0	4.30406509320417	0.0	0.0	4.955827057601261	0.0	0.0	0.0	0.0	0.0	0.0	0.0	0.0	0.0	0.0	0.0	2.833213344056216	0.0	0.0	0.0	1.9459101490553132	3.367295829986474	1.791759469228055	2.5649493574615367	0.0	0.0	0.0	0.0	4.574710978503383	0.0	3.784189633918261	0.0	0.0	0.0	2.70805020110221	3.6109179126442243	0.0	0.0	1.3862943611198906	3.713572066704308	0.0	0.0	0.0	0.0	0.0	1.3862943611198906	0.0	4.584967478670572	0.0	0.0	0.0	0.0	0.6931471805599453	0.0	0.0	0.0	0.0	0.0	2.995732273553991	0.0	0.0	0.0	1.9459101490553132	0.0	0.0	0.0	2.1972245773362196	0.0	2.995732273553991	1.6094379124341003	1.0986122886681098	3.295836866004329	0.0	0.6931471805599453	2.0794415416798357	0.0	0.0	0.0	0.0	2.5649493574615367
SRR23492555	1.3862943611198906	4.882801922586371	1.3862943611198906	0.0	0.0	0.0	2.5649493574615367	8.380456667842767	3.7376696182833684	0.0	0.0	0.0	0.0	0.0	0.0	0.0	1.3862943611198906	0.0	0.0	1.0986122886681098	0.6931471805599453	7.187657164114956	0.0	0.0	0.0	0.0	0.6931471805599453	0.0	0.0	0.0	0.0	2.6390573296152584	0.0	0.0	0.0	0.0	0.0	0.0	0.0	0.0	0.0	0.0	0.0	0.0	0.0	0.0	0.0	2.302585092994046	0.0	0.0	2.5649493574615367	0.0	0.0	0.0	0.0	0.0	1.6094379124341003	0.0	0.0	0.0	1.3862943611198906	0.0	0.0	0.0	0.0	0.0	0.0	0.0	0.0	0.0	0.0	0.0	1.6094379124341003	0.0	0.0	1.0986122886681098	0.0	0.0	0.0	0.0	0.0	0.0	0.0	0.0	0.0	2.302585092994046	0.0	0.0	2.1972245773362196	0.0	3.4011973816621555	1.0986122886681098	0.0	0.0	0.0	0.0	0.0	1.6094379124341003	0.0	0.0	0.0	0.0	0.0	0.0	0.0	0.6931471805599453	0.0	0.0	0.0	0.0	0.0	0.0	0.0	0.0	0.0	0.0	0.0	0.0	0.0	0.0	0.0	0.0	0.0	0.0	0.0	0.0	0.0	0.0	0.0	0.0	0.0	0.0	0.0	0.0	0.0	0.0	0.0	0.0	0.0	0.0	0.0	0.0	0.0	0.0	0.0	0.0	0.0	0.0	0.0	0.0	0.0	0.0	0.0	0.0	0.0	0.0	0.0	0.0	0.0	0.0	0.0	5.517452896464707	0.0	3.258096538021482	0.0	0.0	0.0	0.0	0.0	0.0	0.0	0.0	0.0	0.0	0.0	0.0	0.0	0.0	0.0	0.0	0.0	0.0	0.0	0.0	0.0	0.0	0.0	0.0	0.0
SRR23492556	0.6931471805599453	3.7376696182833684	0.0	1.791759469228055	2.5649493574615367	2.5649493574615367	0.0	5.648974238161206	7.042286171939743	0.0	0.0	0.0	0.0	0.0	0.0	2.5649493574615367	0.0	2.4849066497880004	0.0	0.6931471805599453	1.6094379124341003	3.7376696182833684	0.0	6.251903883165888	0.0	0.0	4.927253685157205	1.0986122886681098	3.332204510175204	0.0	1.791759469228055	1.0986122886681098	1.3862943611198906	0.0	4.2626798770413155	0.0	0.0	0.0	0.0	2.1972245773362196	0.0	0.0	3.6888794541139363	0.0	0.0	0.0	3.1780538303479458	3.091042453358316	0.0	0.0	0.6931471805599453	0.6931471805599453	0.0	0.0	2.3978952727983707	0.0	3.6109179126442243	0.0	1.6094379124341003	0.0	2.70805020110221	0.0	0.6931471805599453	0.0	0.0	0.0	0.0	0.6931471805599453	0.6931471805599453	0.0	7.155396301896734	0.0	3.2188758248682006	1.0986122886681098	0.0	0.0	0.0	0.0	1.0986122886681098	0.6931471805599453	0.0	1.0986122886681098	0.0	0.0	0.0	0.0	0.0	0.0	0.0	0.0	0.0	1.0986122886681098	0.0	0.0	0.0	0.0	0.0	0.0	4.02535169073515	0.6931471805599453	0.0	0.0	0.0	0.0	3.6375861597263857	1.6094379124341003	0.0	0.0	0.0	0.0	3.091042453358316	1.3862943611198906	0.0	0.0	0.0	0.0	0.0	0.0	0.0	0.0	0.0	0.0	0.0	0.0	0.0	0.0	0.0	0.0	5.37989735354046	0.0	0.0	0.0	2.302585092994046	0.0	0.0	0.0	0.0	0.6931471805599453	0.0	0.0	0.0	0.0	0.0	0.0	0.0	1.3862943611198906	0.0	0.0	0.0	0.0	0.0	0.0	0.0	0.0	0.0	0.0	1.3862943611198906	0.0	0.0	0.0	0.0	0.0	0.0	0.0	0.0	0.0	0.0	1.3862943611198906	0.6931471805599453	0.0	0.0	0.0	0.0	0.0	0.0	0.0	0.0	0.0	0.6931471805599453	0.0	0.0	0.0	0.6931471805599453	0.0	0.0	0.0	0.0	0.0	0.0
SRR23492560	1.6094379124341003	0.0	0.0	0.0	0.0	0.0	0.0	1.6094379124341003	2.5649493574615367	0.0	0.0	0.0	0.0	0.0	0.0	3.332204510175204	0.0	3.1354942159291497	0.0	1.0986122886681098	6.091309882077698	5.135798437050262	0.0	6.484635235635252	0.0	0.0	3.6888794541139363	0.6931471805599453	1.0986122886681098	0.0	1.3862943611198906	0.0	0.0	0.0	4.465908118654584	0.0	1.0986122886681098	0.0	0.0	0.0	0.0	0.0	1.0986122886681098	0.0	0.0	0.0	0.0	1.6094379124341003	0.0	0.0	3.6375861597263857	0.0	0.0	0.0	0.0	0.0	0.0	0.0	0.0	0.0	0.0	1.6094379124341003	0.0	0.0	0.0	0.0	0.0	0.0	0.0	0.0	1.791759469228055	0.0	0.0	0.0	0.0	0.0	0.0	0.0	0.0	0.0	0.0	0.0	0.0	0.0	0.0	0.0	0.0	0.0	3.295836866004329	1.0986122886681098	0.0	0.0	0.0	0.0	1.0986122886681098	0.0	0.0	0.0	4.04305126783455	0.0	0.0	0.0	0.0	0.0	0.0	0.0	0.0	0.0	4.276666119016055	0.0	0.0	4.553876891600541	0.0	2.0794415416798357	1.6094379124341003	0.0	3.1780538303479458	0.0	0.0	0.0	0.0	0.0	0.0	0.0	0.0	0.0	0.0	2.5649493574615367	4.430816798843313	0.6931471805599453	0.0	3.367295829986474	0.0	0.0	1.6094379124341003	0.0	0.0	0.0	0.0	2.70805020110221	0.0	0.0	0.0	7.959625305098115	4.990432586778736	0.0	0.0	0.0	0.0	0.0	0.0	0.0	0.0	0.0	0.0	0.0	0.0	0.0	0.0	0.0	0.0	5.66988092298052	5.552959584921617	0.0	0.0	0.0	0.0	0.0	0.0	0.0	0.0	0.0	0.0	0.0	0.0	0.0	0.0	0.0	0.0	0.0	0.0	0.0	1.6094379124341003	0.0	0.0	0.0	0.0	0.0	0.0
SRR29856071	0.0	5.424950017481403	0.0	0.0	0.0	8.152774052744075	0.0	1.791759469228055	1.9459101490553132	1.0986122886681098	1.0986122886681098	0.0	0.0	0.0	0.0	2.833213344056216	0.0	1.3862943611198906	0.0	0.0	0.0	4.219507705176107	0.6931471805599453	3.8501476017100584	0.0	0.0	0.0	0.0	1.9459101490553132	0.0	0.0	0.0	0.6931471805599453	0.0	1.6094379124341003	0.0	0.0	0.0	0.0	0.0	0.0	0.0	0.0	0.0	0.0	1.6094379124341003	7.563719668414366	0.0	0.0	0.0	2.9444389791664403	0.0	0.0	0.0	0.0	0.0	4.51085950651685	0.0	0.0	0.0	1.6094379124341003	1.3862943611198906	0.0	0.0	0.0	0.0	0.6931471805599453	0.0	1.0986122886681098	1.791759469228055	0.0	0.0	0.6931471805599453	0.0	0.0	0.0	0.0	0.0	0.0	2.3978952727983707	0.6931471805599453	3.295836866004329	0.0	0.0	0.0	0.0	0.0	0.0	0.0	2.1972245773362196	0.0	0.0	0.0	0.0	0.0	0.0	0.0	0.0	0.6931471805599453	0.0	0.0	0.0	0.0	0.0	0.6931471805599453	2.4849066497880004	0.0	0.0	3.784189633918261	0.0	0.0	3.970291913552122	0.0	0.0	0.6931471805599453	0.0	0.0	0.0	0.0	0.0	0.0	0.0	0.0	0.0	0.0	0.0	0.0	1.0986122886681098	0.0	1.6094379124341003	0.0	0.0	0.0	0.0	3.2188758248682006	0.0	1.0986122886681098	1.0986122886681098	0.0	2.1972245773362196	0.0	0.0	0.0	0.0	4.875197323201151	0.0	0.0	0.0	0.0	0.0	0.0	0.0	0.0	0.0	0.0	0.6931471805599453	0.0	0.0	0.0	0.0	1.0986122886681098	1.3862943611198906	1.0986122886681098	0.0	0.0	0.0	0.0	0.0	0.0	0.0	0.0	0.0	0.0	0.0	0.0	0.0	0.0	0.0	0.0	0.0	0.0	0.0	0.0	0.0	0.0	0.0	0.0	0.0	2.3978952727983707
SRR29856073	0.0	8.101374671228582	0.0	0.6931471805599453	0.0	0.6931471805599453	3.5553480614894135	5.313205979041787	0.0	0.0	0.0	0.0	0.0	0.0	0.0	1.0986122886681098	0.0	2.833213344056216	0.0	1.0986122886681098	2.995732273553991	3.8501476017100584	0.0	5.3230099791384085	0.0	0.0	0.0	0.0	0.0	0.0	6.148468295917647	4.820281565605037	0.0	0.0	3.58351893845611	0.0	0.0	0.0	0.0	0.0	0.0	0.0	0.0	0.0	0.0	2.4849066497880004	1.0986122886681098	5.71042701737487	0.0	2.302585092994046	3.871201010907891	0.0	0.0	0.0	0.0	0.0	2.4849066497880004	0.0	0.0	0.0	0.0	0.0	0.0	0.6931471805599453	0.0	0.0	0.0	0.0	6.373319789577012	0.0	3.044522437723423	0.0	0.0	0.0	0.0	0.0	0.0	0.0	0.0	0.0	0.0	0.0	0.0	0.0	0.0	0.0	0.0	0.0	1.0986122886681098	1.0986122886681098	3.1354942159291497	0.0	2.4849066497880004	0.0	0.0	0.0	0.0	2.0794415416798357	1.9459101490553132	0.0	0.0	0.0	0.0	0.6931471805599453	0.0	4.3694478524670215	0.0	0.0	0.0	3.332204510175204	0.0	2.5649493574615367	0.0	0.0	0.0	0.0	0.0	0.0	0.0	0.0	0.0	0.0	0.0	0.0	0.0	0.0	0.0	0.0	0.0	0.0	0.0	0.0	0.0	0.0	0.0	0.0	0.0	2.0794415416798357	0.0	0.6931471805599453	0.0	0.0	0.0	1.6094379124341003	4.007333185232471	1.3862943611198906	0.0	0.0	0.0	0.0	0.0	0.0	0.0	0.0	3.332204510175204	0.0	0.0	0.0	0.6931471805599453	1.3862943611198906	5.733341276897746	5.332718793265369	0.0	2.0794415416798357	0.0	0.0	0.0	0.0	0.0	0.0	0.0	0.0	0.0	0.0	0.0	0.0	0.0	0.0	0.0	0.0	0.0	0.0	1.791759469228055	0.0	0.0	0.0	0.0	0.0	0.0
SRR29856074	0.0	4.983606621708336	1.791759469228055	3.4657359027997265	0.0	6.09807428216624	0.0	7.362010551259734	2.8903717578961645	0.0	1.6094379124341003	0.0	0.0	0.0	0.0	0.0	0.0	0.0	0.0	2.70805020110221	0.0	5.262690188904886	0.0	0.0	0.0	0.0	4.219507705176107	2.772588722239781	0.6931471805599453	0.0	0.0	0.6931471805599453	0.6931471805599453	0.0	0.0	0.0	0.0	0.0	0.6931471805599453	3.58351893845611	0.0	0.0	0.0	0.0	0.0	0.0	0.6931471805599453	5.768320995793772	0.0	0.0	3.912023005428146	5.267858159063328	1.3862943611198906	0.0	3.912023005428146	3.258096538021482	7.592870287844818	1.0986122886681098	0.0	0.0	0.0	4.356708826689592	5.929589143389895	2.9444389791664403	2.70805020110221	0.0	0.0	3.4011973816621555	0.0	1.3862943611198906	0.0	3.367295829986474	0.0	0.0	0.0	0.0	0.0	0.0	0.0	0.0	0.0	2.8903717578961645	2.0794415416798357	2.70805020110221	2.8903717578961645	1.0986122886681098	0.0	0.0	1.6094379124341003	0.0	0.0	0.0	0.0	0.0	0.0	0.0	0.0	0.0	1.0986122886681098	0.0	1.0986122886681098	1.6094379124341003	0.0	0.0	0.0	0.0	1.0986122886681098	3.7612001156935624	0.0	4.820281565605037	0.0	0.0	1.6094379124341003	0.0	0.0	0.0	0.0	0.0	0.0	0.0	0.6931471805599453	0.0	0.0	0.0	0.0	1.3862943611198906	0.0	0.0	0.0	4.060443010546419	0.0	0.0	0.0	0.0	0.0	0.0	1.3862943611198906	1.3862943611198906	0.0	0.0	0.0	0.0	0.0	0.0	0.0	0.0	2.0794415416798357	0.0	0.0	0.6931471805599453	0.0	0.0	0.0	0.0	2.70805020110221	0.0	0.0	0.0	0.0	0.0	0.0	2.995732273553991	0.0	0.0	1.0986122886681098	1.6094379124341003	0.0	3.044522437723423	3.091042453358316	0.6931471805599453	0.0	0.0	0.0	0.0	0.0	2.5649493574615367	0.0	0.0	0.0	0.0	2.5649493574615367	1.6094379124341003	1.3862943611198906	0.0	1.6094379124341003	0.0	0.0	0.0	0.0
SRR29856077	3.295836866004329	6.8690144506657065	0.0	5.655991810819852	0.0	5.802118375377063	0.0	5.4638318050256105	0.0	2.1972245773362196	1.3862943611198906	0.0	0.0	0.0	0.0	1.3862943611198906	0.0	1.0986122886681098	0.0	3.044522437723423	0.0	2.4849066497880004	0.6931471805599453	2.772588722239781	0.0	0.0	0.0	4.867534450455582	0.0	0.0	5.82600010738045	1.6094379124341003	0.0	1.0986122886681098	2.0794415416798357	0.0	0.0	0.0	0.0	1.3862943611198906	0.0	0.0	0.0	0.0	0.0	0.6931471805599453	0.0	7.109062135687172	0.0	2.1972245773362196	3.6888794541139363	0.0	0.0	0.0	0.6931471805599453	0.0	6.349138991379798	0.0	0.0	0.0	0.6931471805599453	0.0	1.9459101490553132	2.3978952727983707	0.0	0.0	0.0	0.0	1.3862943611198906	4.919980925828125	0.0	0.6931471805599453	0.6931471805599453	0.0	0.0	0.0	1.0986122886681098	0.0	0.0	0.0	1.791759469228055	0.0	4.997212273764115	2.833213344056216	1.791759469228055	0.6931471805599453	0.0	0.0	4.969813299576001	1.6094379124341003	1.3862943611198906	0.0	0.0	0.0	0.0	0.0	0.0	0.0	3.332204510175204	4.6913478822291435	0.0	1.9459101490553132	0.0	0.0	0.0	0.0	2.302585092994046	0.0	3.4965075614664802	4.394449154672439	4.718498871295094	0.0	3.912023005428146	0.0	0.0	0.0	0.0	0.0	0.0	0.0	0.0	1.0986122886681098	0.0	0.0	0.0	0.0	0.0	3.58351893845611	0.0	0.6931471805599453	0.0	0.0	1.3862943611198906	0.0	1.3862943611198906	0.0	0.0	3.9889840465642745	0.0	0.0	0.0	0.0	0.0	0.0	0.6931471805599453	0.0	0.0	1.9459101490553132	0.0	5.420534999272286	2.0794415416798357	0.0	0.0	0.0	1.791759469228055	0.0	0.0	0.0	0.0	0.0	3.044522437723423	2.302585092994046	0.0	0.0	1.0986122886681098	0.0	0.0	0.0	1.0986122886681098	0.0	0.0	0.0	0.0	0.0	0.0	3.2188758248682006	0.0	0.6931471805599453	0.0	0.0	6.5722825426940075	0.0	2.772588722239781	0.0	0.0	0.0	0.0	2.302585092994046	0.0
SRR29856079	0.0	5.937536205082426	0.0	2.1972245773362196	0.0	5.37989735354046	0.0	2.302585092994046	0.0	0.0	0.0	0.0	0.0	0.0	0.0	0.0	3.7376696182833684	3.044522437723423	0.0	2.302585092994046	1.9459101490553132	6.690842277418564	0.0	0.0	2.0794415416798357	0.0	0.0	6.3080984415095305	2.1972245773362196	0.0	0.0	0.0	0.0	0.0	4.48863636973214	0.0	0.0	0.0	0.0	3.784189633918261	0.0	4.882801922586371	0.0	0.0	0.0	4.68213122712422	0.0	0.0	0.0	0.0	6.716594773520978	0.0	0.0	0.0	0.0	0.0	0.0	0.0	0.0	0.0	5.14166355650266	0.0	0.0	1.6094379124341003	0.0	0.0	0.0	0.0	5.87493073085203	1.0986122886681098	0.0	3.2188758248682006	2.5649493574615367	0.0	0.0	0.0	0.0	0.0	0.0	0.0	0.0	0.0	6.829793737512425	0.0	0.0	1.0986122886681098	0.0	0.0	4.867534450455582	0.0	0.0	0.0	0.0	0.0	0.0	0.0	0.0	0.0	3.6888794541139363	0.0	0.0	0.0	0.0	0.0	0.0	0.0	0.0	0.0	3.713572066704308	0.0	0.0	1.9459101490553132	0.0	0.0	0.0	0.0	0.0	0.0	1.9459101490553132	0.0	0.0	0.0	0.0	0.0	0.0	0.0	0.0	0.0	0.0	0.0	0.0	0.0	0.0	3.295836866004329	2.6390573296152584	0.0	0.0	0.0	0.0	0.0	0.0	0.0	0.0	0.0	6.51471269087253	4.736198448394496	0.0	0.0	0.0	3.1354942159291497	0.0	0.0	0.0	0.0	0.0	0.0	0.0	0.0	0.0	0.0	0.0	0.0	0.0	0.0	0.0	0.0	0.0	0.0	0.0	0.0	0.0	0.0	0.0	0.0	0.0	0.0	0.0	0.0	0.0	2.8903717578961645	4.532599493153256	0.0	5.231108616854587	0.0	0.0	0.0	0.0	0.0	0.0
SRR29856080	2.9444389791664403	8.42989086301344	0.0	0.0	0.0	0.6931471805599453	0.0	0.0	4.990432586778736	0.0	0.0	0.0	0.0	0.0	0.0	0.0	0.0	0.0	0.0	5.087596335232384	3.1354942159291497	4.23410650459726	0.0	6.9167150203536085	0.0	0.0	1.0986122886681098	0.0	1.6094379124341003	0.0	0.0	0.0	0.0	0.0	0.0	0.0	0.0	0.0	0.0	0.0	0.0	0.0	0.0	0.0	0.0	0.0	0.0	1.0986122886681098	0.0	3.4657359027997265	0.0	0.0	0.0	0.0	0.0	0.0	3.367295829986474	0.0	0.0	0.0	0.0	0.0	0.0	0.0	0.0	0.0	0.0	0.0	0.0	0.0	0.0	0.0	0.0	0.0	0.0	0.0	0.0	0.0	0.0	0.0	0.0	0.0	0.6931471805599453	0.0	0.0	0.0	0.0	0.0	0.6931471805599453	0.0	0.0	0.0	0.0	0.0	0.0	0.0	0.0	1.3862943611198906	0.0	0.0	0.0	0.0	0.0	0.0	0.0	0.0	0.0	0.0	0.0	0.0	1.0986122886681098	0.0	0.0	0.0	0.0	0.0	0.0	0.0	0.0	0.0	0.0	0.0	0.0	0.0	0.0	0.0	0.0	0.0	0.0	0.0	0.0	0.0	0.0	0.0	0.0	0.0	0.0	0.0	0.0	0.0	0.0	0.0	0.0	3.044522437723423	0.0	0.0	0.0	0.0	0.0	0.0	0.0	0.0	0.0	0.0	0.0	0.0	0.0	0.0	0.0	0.0	0.0	4.77912349311153	0.0	1.3862943611198906	0.0	0.0	0.0	0.0	0.0	0.0	0.0	0.0	0.0	0.0	0.0	0.0	0.0	0.0	0.0	0.0	1.0986122886681098	0.0	0.0	0.0	0.0	0.0	0.0	0.0	0.0
SRR29856082	0.0	3.1354942159291497	0.6931471805599453	3.091042453358316	0.0	6.184148890937483	1.9459101490553132	6.171700597410915	0.6931471805599453	4.770684624465665	0.0	0.0	0.0	0.0	0.0	2.4849066497880004	0.6931471805599453	2.833213344056216	0.0	0.0	0.0	2.833213344056216	0.0	1.0986122886681098	0.0	0.0	0.0	4.0943445622221	2.302585092994046	0.0	0.0	0.0	1.791759469228055	3.9318256327243257	4.672828834461906	0.0	0.0	4.663439094112067	3.5553480614894135	4.5217885770490405	0.0	1.3862943611198906	0.0	0.0	0.0	3.091042453358316	0.0	7.56164174558878	0.0	0.0	5.4116460518550396	0.0	0.0	0.0	0.0	0.0	6.2766434893416445	0.0	0.0	0.0	0.0	0.0	4.330733340286331	0.0	0.0	0.0	0.0	0.0	4.727387818712341	1.791759469228055	1.0986122886681098	0.0	0.0	0.0	0.0	0.0	0.0	0.0	0.0	0.0	3.091042453358316	0.6931471805599453	0.0	0.0	4.1588830833596715	2.4849066497880004	0.0	0.0	6.523562306149512	3.367295829986474	3.7376696182833684	0.0	3.1780538303479458	0.0	0.0	0.0	0.0	1.3862943611198906	1.0986122886681098	0.0	0.0	0.0	0.0	0.0	0.0	3.091042453358316	0.0	0.0	4.430816798843313	4.406719247264253	4.574710978503383	1.791759469228055	0.0	0.0	2.4849066497880004	0.0	0.0	0.0	0.0	0.0	0.0	0.0	0.0	0.0	0.0	0.0	1.6094379124341003	0.0	0.0	0.0	0.0	0.0	3.4339872044851463	0.0	1.0986122886681098	2.8903717578961645	0.0	3.7612001156935624	0.0	0.0	0.0	0.0	0.0	0.0	4.48863636973214	0.6931471805599453	0.0	0.0	0.0	0.0	0.0	0.0	0.0	0.0	0.0	2.3978952727983707	0.0	0.0	0.0	0.6931471805599453	5.117993812416755	2.1972245773362196	0.6931471805599453	1.791759469228055	0.0	0.0	0.0	0.0	0.0	0.0	0.0	0.0	0.0	0.0	0.0	0.0	0.0	0.6931471805599453	0.0	1.6094379124341003	3.7376696182833684	0.0	1.0986122886681098	0.0	0.0	0.0	2.4849066497880004	0.0	0.0
SRR29856083	0.0	8.140315540159985	0.0	0.0	0.0	0.0	1.9459101490553132	5.998936561946683	7.647308832356238	0.0	0.0	0.0	0.0	0.0	0.0	0.0	0.0	0.0	0.6931471805599453	1.0986122886681098	1.6094379124341003	3.784189633918261	0.0	0.0	0.0	1.0986122886681098	5.170483995038151	0.0	0.0	0.0	0.0	0.0	0.0	0.0	0.0	0.0	0.0	0.0	0.0	0.0	0.0	0.0	0.0	0.0	0.0	0.0	0.0	0.0	0.0	0.0	0.0	0.0	0.0	0.0	0.0	0.0	0.0	0.0	0.0	0.0	2.302585092994046	0.0	0.0	0.0	0.0	0.0	0.0	0.0	0.0	0.0	0.0	0.0	0.0	0.0	0.0	0.0	0.0	0.0	0.0	0.0	0.0	0.0	0.0	0.0	0.0	0.0	0.0	0.0	0.0	0.0	0.0	0.0	0.0	0.0	0.0	0.0	0.0	2.1972245773362196	0.0	0.0	0.0	0.0	0.0	0.0	0.0	0.0	0.0	0.0	0.0	0.0	0.0	0.0	0.0	0.0	0.0	0.0	0.0	0.0	0.0	0.0	0.0	0.0	0.0	0.0	0.0	0.0	0.0	0.0	0.0	0.0	0.0	0.0	0.0	0.0	0.0	0.0	0.0	0.0	0.0	0.0	0.0	0.0	0.0	0.0	0.0	0.0	0.0	0.0	0.0	0.0	0.0	0.0	0.0	0.0	0.0	0.0	0.0	0.0	0.0	0.0	0.0	1.3862943611198906	0.0	2.70805020110221	0.0	0.0	0.0	0.0	0.0	0.0	0.0	0.0	0.0	0.0	0.0	0.0	0.0	0.0	0.0	0.0	0.0	0.0	0.0	0.0	0.0	0.0	0.0	0.0	0.0
SRR29856085	0.0	5.717027701406222	0.0	0.0	0.0	7.1891677384203225	1.791759469228055	5.278114659230517	1.791759469228055	2.5649493574615367	0.0	0.0	0.0	0.0	0.0	0.0	0.0	0.6931471805599453	0.0	0.0	1.791759469228055	3.4339872044851463	0.0	4.248495242049359	0.0	0.0	1.3862943611198906	0.0	2.8903717578961645	0.0	0.0	2.772588722239781	1.0986122886681098	2.6390573296152584	2.6390573296152584	2.1972245773362196	1.9459101490553132	2.3978952727983707	0.0	4.5217885770490405	0.0	0.0	1.3862943611198906	0.0	0.0	3.258096538021482	0.0	6.568077911411976	0.0	0.0	4.343805421853684	0.0	0.0	0.0	0.0	2.8903717578961645	6.875232087276577	1.3862943611198906	0.0	1.3862943611198906	0.6931471805599453	0.0	4.442651256490317	0.0	0.0	0.0	2.6390573296152584	0.0	3.912023005428146	3.4339872044851463	1.9459101490553132	0.0	0.6931471805599453	0.0	0.0	0.0	0.0	0.0	2.302585092994046	2.3978952727983707	0.0	3.295836866004329	0.0	0.0	3.1780538303479458	3.091042453358316	0.0	0.0	3.5553480614894135	3.8066624897703196	0.6931471805599453	0.0	0.0	0.0	0.0	0.0	0.0	1.9459101490553132	2.302585092994046	0.6931471805599453	0.0	3.6109179126442243	0.0	0.0	0.0	1.791759469228055	0.6931471805599453	0.0	5.53338948872752	4.532599493153256	4.709530201312334	6.444131256700441	0.0	1.0986122886681098	2.4849066497880004	0.0	0.0	1.0986122886681098	0.0	0.0	0.0	0.0	0.0	0.0	0.0	0.0	0.0	3.58351893845611	0.0	3.6888794541139363	0.0	0.0	0.0	0.0	1.0986122886681098	1.3862943611198906	0.0	5.111987788356544	0.0	2.70805020110221	0.0	0.0	0.0	0.0	3.8501476017100584	2.1972245773362196	0.0	0.0	0.0	3.4965075614664802	5.214935757608986	0.0	0.0	0.0	0.0	1.9459101490553132	0.0	0.0	0.0	0.0	1.3862943611198906	2.1972245773362196	1.3862943611198906	1.3862943611198906	0.6931471805599453	0.0	2.3978952727983707	0.0	0.0	0.0	0.0	0.0	0.0	0.0	0.0	0.0	0.0	0.0	0.0	1.0986122886681098	0.0	0.0	3.6635616461296463	0.0	0.0	0.0	0.0	0.0	0.0
SRR29856086	0.0	4.382026634673881	1.6094379124341003	0.0	0.0	7.651595573857601	1.3862943611198906	4.189654742026425	1.3862943611198906	0.0	0.0	0.0	0.0	0.0	0.0	0.0	0.0	0.0	0.0	0.0	0.0	3.044522437723423	0.0	2.4849066497880004	0.0	0.0	0.0	0.6931471805599453	0.0	0.0	1.0986122886681098	3.713572066704308	0.0	0.0	0.0	0.0	0.0	0.0	0.0	5.8522024797744745	0.0	0.0	0.0	0.0	0.0	0.0	0.6931471805599453	6.608000625296087	0.0	0.6931471805599453	2.772588722239781	0.0	0.0	0.0	0.0	3.6635616461296463	6.546785410760524	1.0986122886681098	0.0	0.0	0.0	0.0	5.5909869805108565	2.302585092994046	0.0	0.0	1.6094379124341003	2.5649493574615367	3.295836866004329	1.3862943611198906	0.0	5.2574953720277815	0.0	0.0	0.0	0.0	0.0	0.0	0.0	2.1972245773362196	0.0	4.430816798843313	0.0	0.0	1.791759469228055	0.0	0.0	0.0	2.5649493574615367	3.2188758248682006	0.6931471805599453	0.0	0.0	0.0	0.0	0.0	0.0	0.6931471805599453	0.0	0.0	1.791759469228055	1.0986122886681098	0.0	0.0	0.0	1.9459101490553132	0.0	0.0	1.3862943611198906	6.899723107284872	0.0	0.0	0.0	0.0	0.0	0.0	0.0	0.0	0.0	0.0	0.0	0.0	1.791759469228055	0.0	0.0	0.0	0.0	0.0	1.0986122886681098	0.0	0.0	0.0	0.0	0.0	0.0	0.0	0.0	4.248495242049359	0.0	0.0	0.0	0.0	0.0	0.0	2.302585092994046	0.0	0.0	0.0	0.0	0.0	0.0	0.0	0.0	0.0	0.0	1.9459101490553132	4.624972813284271	0.0	0.0	0.0	0.0	0.0	0.6931471805599453	0.6931471805599453	0.0	0.0	0.0	0.0	0.0	0.0	0.0	0.0	0.0	0.0	0.0	1.791759469228055	5.517452896464707	0.0	0.0	0.0	0.0	0.0	0.6931471805599453	1.0986122886681098	0.0	0.0	0.0	0.0	0.0
SRR29856087	0.0	5.805134968916488	0.6931471805599453	6.704414354964107	0.0	6.206575926724928	1.0986122886681098	3.713572066704308	1.3862943611198906	1.0986122886681098	5.003946305945459	0.0	0.0	0.0	0.0	4.465908118654584	0.0	0.6931471805599453	0.0	1.0986122886681098	0.0	2.0794415416798357	2.1972245773362196	1.3862943611198906	0.0	0.0	0.0	5.75890177387728	0.6931471805599453	0.0	4.852030263919617	2.772588722239781	0.0	0.0	1.791759469228055	0.0	0.0	0.0	0.0	0.0	0.0	0.0	0.0	0.0	0.0	2.1972245773362196	0.0	5.805134968916488	0.0	0.0	2.1972245773362196	0.0	0.0	0.0	0.0	0.0	7.628031126930335	0.0	0.0	0.0	1.3862943611198906	1.3862943611198906	0.0	0.0	0.0	0.0	0.0	0.0	2.0794415416798357	2.0794415416798357	1.9459101490553132	0.0	0.0	0.0	0.0	0.0	0.6931471805599453	0.0	0.0	2.6390573296152584	3.8501476017100584	4.718498871295094	0.0	0.0	0.0	0.0	0.0	3.258096538021482	4.564348191467836	3.1780538303479458	0.6931471805599453	0.0	0.0	0.0	1.0986122886681098	1.0986122886681098	0.0	1.3862943611198906	3.828641396489095	0.0	0.0	0.0	0.0	0.0	1.6094379124341003	2.4849066497880004	0.0	0.0	2.3978952727983707	5.332718793265369	0.0	5.3230099791384085	0.0	0.0	3.713572066704308	0.0	0.0	0.0	0.0	0.0	0.0	0.0	0.0	0.0	3.4965075614664802	3.258096538021482	0.0	0.0	0.0	2.8903717578961645	0.0	0.0	1.0986122886681098	0.0	3.713572066704308	0.0	1.3862943611198906	3.2188758248682006	0.0	2.1972245773362196	0.6931471805599453	0.0	1.791759469228055	0.6931471805599453	4.23410650459726	0.0	0.6931471805599453	0.0	0.0	0.0	0.6931471805599453	0.0	1.3862943611198906	0.0	0.0	2.4849066497880004	0.0	0.0	0.0	0.0	1.9459101490553132	1.9459101490553132	0.0	0.0	0.0	0.0	0.0	0.0	0.0	0.0	0.0	0.0	0.0	0.0	0.0	0.0	0.0	0.0	0.0	0.0	0.0	0.0	3.044522437723423	0.0	0.0	0.0	0.0	0.0	0.0
SRR29856088	1.0986122886681098	7.8050670442584895	0.0	0.0	0.0	0.0	0.6931471805599453	1.791759469228055	1.0986122886681098	0.0	0.0	0.0	0.0	0.0	0.0	0.0	0.0	0.0	0.0	3.9889840465642745	2.9444389791664403	5.2574953720277815	0.0	5.60947179518496	0.0	0.0	2.1972245773362196	0.0	0.0	0.0	0.0	0.0	0.0	0.0	3.58351893845611	0.0	2.3978952727983707	0.0	0.0	0.0	0.0	0.0	1.3862943611198906	0.0	0.0	4.912654885736052	0.0	0.6931471805599453	0.0	5.659482215759621	3.58351893845611	0.0	0.0	0.0	0.0	0.0	0.0	0.0	0.0	1.0986122886681098	1.9459101490553132	2.70805020110221	0.0	0.0	0.0	0.0	0.0	0.0	2.0794415416798357	0.0	2.302585092994046	0.0	0.0	0.0	1.0986122886681098	0.0	0.0	0.0	0.0	0.0	0.0	0.0	0.0	0.0	0.0	0.0	0.0	0.0	0.0	0.0	0.6931471805599453	0.0	0.0	0.0	0.6931471805599453	0.0	0.0	0.6931471805599453	0.0	4.07753744390572	0.0	0.0	0.0	0.0	0.0	0.0	0.0	0.0	0.0	0.0	0.0	0.0	0.0	0.0	0.6931471805599453	0.0	0.0	0.0	0.0	0.0	0.0	0.0	0.0	0.0	0.0	0.0	0.0	0.0	6.894670039433482	0.0	0.0	0.6931471805599453	0.0	0.0	0.0	0.0	0.0	0.0	0.0	0.0	0.0	1.0986122886681098	0.0	5.537334267018537	6.413458957167357	3.332204510175204	0.0	0.0	0.0	1.0986122886681098	0.0	0.0	0.0	0.0	0.0	0.0	0.0	0.0	0.6931471805599453	0.0	0.0	5.043425116919247	0.0	0.0	0.0	0.0	0.0	0.0	0.0	0.0	0.0	0.0	0.0	0.0	0.0	0.0	0.0	0.0	0.0	0.0	0.0	0.0	0.0	0.0	0.0	0.0	0.0	0.0	0.0
SRR29856090	0.0	2.0794415416798357	0.0	6.410174881966167	0.0	5.220355825078324	2.5649493574615367	5.3981627015177525	0.0	2.70805020110221	0.0	0.0	0.0	0.0	0.0	0.6931471805599453	0.0	0.6931471805599453	0.0	0.0	2.6390573296152584	4.2626798770413155	0.0	4.624972813284271	0.0	0.0	0.0	4.356708826689592	0.0	0.0	0.0	5.988961416889864	0.0	3.1780538303479458	1.3862943611198906	0.0	0.6931471805599453	0.0	0.0	0.0	0.0	0.0	0.0	0.0	0.0	3.1780538303479458	0.0	7.576097340623111	0.0	0.0	5.631211781821365	0.0	0.0	0.0	0.0	0.0	5.53338948872752	0.0	0.0	0.0	1.3862943611198906	0.0	0.0	1.3862943611198906	0.0	0.0	0.0	0.0	3.258096538021482	5.25227342804663	1.9459101490553132	0.0	2.302585092994046	1.0986122886681098	0.0	0.0	0.0	0.0	0.0	0.0	0.0	0.0	5.472270673671475	0.0	0.0	1.6094379124341003	0.0	0.0	4.454347296253507	3.970291913552122	1.0986122886681098	0.0	0.6931471805599453	0.0	0.0	0.0	0.0	1.6094379124341003	2.8903717578961645	0.0	0.0	0.0	0.0	0.0	0.0	1.6094379124341003	1.3862943611198906	0.0	1.3862943611198906	2.8903717578961645	0.6931471805599453	3.4965075614664802	0.0	0.0	0.6931471805599453	0.0	0.0	1.791759469228055	0.0	0.0	0.0	0.0	0.0	0.0	0.0	0.0	0.0	4.736198448394496	0.0	1.791759469228055	0.0	0.0	0.0	0.0	3.1354942159291497	0.6931471805599453	3.912023005428146	3.044522437723423	0.0	0.0	0.0	0.0	0.0	0.0	2.1972245773362196	2.833213344056216	0.0	1.0986122886681098	0.0	0.0	0.0	0.0	0.0	0.0	0.0	0.0	0.0	0.0	0.0	0.0	0.0	5.393627546352362	0.0	2.5649493574615367	0.0	0.0	0.0	0.0	0.0	0.0	0.0	1.791759469228055	0.0	0.0	0.0	0.0	0.0	0.0	0.0	0.0	6.626717749249025	0.0	4.330733340286331	0.0	0.0	0.0	0.0	0.0	0.0
SRR29856091	0.0	2.0794415416798357	0.0	7.80994708647679	0.0	5.6240175061873385	0.6931471805599453	4.189654742026425	0.0	0.0	0.0	0.0	0.0	0.0	0.0	0.6931471805599453	0.0	0.0	0.0	0.6931471805599453	0.0	3.2188758248682006	0.0	1.9459101490553132	0.0	0.0	0.0	0.0	0.0	0.0	4.941642422609304	5.572154032177765	0.0	0.0	2.1972245773362196	0.0	0.0	0.0	0.0	0.6931471805599453	0.0	0.6931471805599453	0.0	0.0	0.0	3.9318256327243257	0.0	6.907755278982137	0.0	1.3862943611198906	4.543294782270004	0.0	0.0	0.0	0.0	0.0	5.420534999272286	1.6094379124341003	0.0	0.0	0.6931471805599453	1.0986122886681098	0.6931471805599453	1.9459101490553132	0.0	0.0	0.0	0.0	2.6390573296152584	4.394449154672439	0.0	0.0	0.0	0.0	0.0	0.0	1.3862943611198906	0.0	0.6931471805599453	0.0	0.0	0.0	4.836281906951478	0.0	0.6931471805599453	2.302585092994046	0.0	0.0	5.389071729816501	0.0	3.295836866004329	0.0	0.0	0.0	0.0	0.0	0.0	1.0986122886681098	2.5649493574615367	0.0	0.0	0.0	0.0	0.0	0.6931471805599453	0.0	2.995732273553991	0.0	1.9459101490553132	0.6931471805599453	5.777652323222656	1.9459101490553132	0.0	0.0	0.0	0.0	0.0	1.0986122886681098	0.0	0.0	0.0	0.0	0.0	0.0	0.0	0.0	0.0	1.0986122886681098	0.0	0.0	0.0	0.0	0.0	0.0	2.9444389791664403	0.0	0.0	5.849324779946859	0.0	0.0	2.995732273553991	0.0	0.6931471805599453	0.0	3.6109179126442243	1.0986122886681098	0.0	2.772588722239781	0.0	4.454347296253507	2.302585092994046	0.0	0.0	0.0	0.0	0.0	0.0	0.0	0.0	0.0	3.970291913552122	1.3862943611198906	0.0	1.3862943611198906	0.0	0.0	0.0	0.0	0.0	0.0	0.0	0.0	0.0	0.0	0.0	2.3978952727983707	3.871201010907891	0.0	0.0	1.0986122886681098	4.574710978503383	0.0	2.772588722239781	0.0	3.1354942159291497	0.0	0.0	0.0	0.0
SRR29856092	0.0	3.970291913552122	1.3862943611198906	5.58724865840025	0.0	7.571473648851271	1.0986122886681098	4.820281565605037	0.0	3.912023005428146	0.0	0.0	0.0	0.0	0.0	0.0	0.0	0.0	0.0	1.0986122886681098	0.0	2.1972245773362196	0.0	1.0986122886681098	0.0	0.0	2.4849066497880004	0.0	0.0	0.0	0.0	0.0	1.6094379124341003	2.772588722239781	2.302585092994046	0.0	0.0	2.0794415416798357	0.0	4.465908118654584	0.0	2.4849066497880004	0.0	0.0	0.0	4.290459441148391	0.0	7.482681828154651	0.0	0.0	5.278114659230517	0.0	0.0	0.0	0.0	0.0	6.887552571664617	0.0	0.0	0.0	0.0	0.0	4.330733340286331	0.0	0.0	0.0	0.0	0.0	3.1354942159291497	2.4849066497880004	0.0	0.0	2.0794415416798357	0.0	0.0	0.0	0.0	0.0	0.0	2.9444389791664403	0.0	0.0	0.0	0.0	3.6109179126442243	2.995732273553991	0.0	0.0	5.017279836814924	2.833213344056216	2.0794415416798357	0.0	0.0	0.0	0.0	0.0	0.0	0.0	2.8903717578961645	0.0	0.0	0.0	0.0	0.0	0.0	2.6390573296152584	0.0	0.0	3.6109179126442243	3.044522437723423	3.258096538021482	0.0	0.0	0.0	0.0	0.0	0.0	0.0	0.0	0.0	0.0	0.0	0.0	0.0	0.0	0.0	0.0	0.0	0.0	0.0	0.0	0.0	0.0	0.0	1.3862943611198906	0.0	0.0	0.0	0.0	0.0	0.0	0.0	0.0	0.0	1.6094379124341003	0.0	0.0	0.0	0.0	0.0	0.0	0.0	0.0	0.0	0.0	1.0986122886681098	0.0	0.0	0.0	2.0794415416798357	4.1588830833596715	2.6390573296152584	2.5649493574615367	0.0	0.0	0.0	0.0	0.0	0.0	0.0	0.0	0.0	0.0	0.0	0.0	0.0	0.0	0.0	0.0	2.302585092994046	3.7376696182833684	0.0	0.0	0.0	0.0	0.0	0.0	0.0	0.0
SRR29856093	0.0	4.143134726391533	0.0	1.791759469228055	0.0	1.0986122886681098	0.0	1.3862943611198906	0.0	0.0	0.0	0.0	0.0	0.0	0.0	0.0	0.0	0.0	0.0	0.6931471805599453	1.0986122886681098	1.3862943611198906	0.0	0.0	0.0	0.0	0.0	2.995732273553991	0.0	0.0	0.0	1.6094379124341003	1.9459101490553132	0.6931471805599453	1.791759469228055	0.0	0.0	0.0	0.0	0.6931471805599453	0.0	0.0	0.0	0.0	0.0	0.0	8.59877317840866	2.0794415416798357	0.0	0.0	3.1354942159291497	0.0	0.0	0.0	0.0	0.0	2.302585092994046	0.0	0.0	0.0	0.0	0.0	0.0	0.0	0.0	0.0	0.6931471805599453	0.0	0.6931471805599453	0.6931471805599453	0.0	0.6931471805599453	0.0	0.0	0.0	0.0	0.0	0.0	0.6931471805599453	0.0	0.0	2.0794415416798357	0.0	0.0	1.3862943611198906	0.0	0.0	0.0	1.6094379124341003	4.867534450455582	0.0	0.0	0.0	0.0	0.0	0.0	0.0	0.6931471805599453	1.3862943611198906	0.0	0.0	1.0986122886681098	0.0	0.0	0.0	0.0	0.0	0.0	0.0	0.0	0.0	1.3862943611198906	0.6931471805599453	0.0	1.6094379124341003	0.0	0.0	0.0	0.0	0.0	0.0	0.0	2.3978952727983707	0.0	0.0	0.0	0.0	0.0	0.0	0.0	0.0	0.0	0.0	0.0	3.332204510175204	1.3862943611198906	0.0	3.9512437185814275	0.0	0.0	0.0	0.0	0.0	0.0	4.48863636973214	0.0	1.3862943611198906	0.0	0.0	0.6931471805599453	0.0	0.0	0.6931471805599453	0.0	0.0	0.0	0.0	0.0	0.0	0.0	0.6931471805599453	0.0	0.0	0.0	0.0	0.0	0.0	0.0	0.0	0.0	0.0	0.0	0.0	0.0	0.0	0.0	0.0	0.0	0.0	0.0	5.7745515455444085	0.0	0.0	0.0	0.0	0.0	0.0	0.0	0.0
SRR29856094	2.3978952727983707	6.340359303727752	0.0	0.0	0.0	4.060443010546419	1.0986122886681098	0.0	0.0	0.0	0.0	0.0	0.0	0.0	0.0	0.0	0.0	0.0	0.0	2.0794415416798357	2.302585092994046	6.842683282238422	0.0	4.30406509320417	3.332204510175204	0.0	1.6094379124341003	0.0	4.584967478670572	0.0	0.0	0.0	0.0	0.0	0.0	0.0	0.0	0.0	0.0	0.0	0.0	0.0	1.0986122886681098	0.0	0.0	0.0	1.0986122886681098	2.6390573296152584	0.0	0.0	0.0	0.0	0.0	0.0	0.0	0.0	2.3978952727983707	0.0	0.0	0.0	2.6390573296152584	1.0986122886681098	0.0	0.0	0.0	0.0	0.0	0.0	0.0	0.0	0.0	0.0	0.0	0.0	0.0	0.0	0.0	0.0	0.0	0.0	0.0	0.0	0.0	0.0	0.0	0.0	0.0	0.0	0.0	0.0	0.0	0.0	0.0	0.0	1.0986122886681098	0.0	0.0	0.6931471805599453	3.6888794541139363	1.6094379124341003	0.0	0.0	0.0	0.0	0.0	0.0	0.0	0.0	0.0	0.0	0.0	0.6931471805599453	0.0	2.4849066497880004	0.0	0.0	1.3862943611198906	0.0	1.791759469228055	0.0	0.0	0.0	0.0	0.0	0.0	0.0	0.0	0.0	0.0	0.0	0.0	1.3862943611198906	0.0	0.0	0.0	0.0	0.0	1.3862943611198906	0.0	0.0	0.0	0.0	0.0	5.883322388488279	0.0	0.6931471805599453	0.0	0.0	0.0	0.0	0.6931471805599453	0.0	0.0	0.0	0.0	0.0	0.0	0.0	0.0	0.0	0.0	7.998671361015776	0.0	2.302585092994046	0.0	0.0	0.0	0.0	0.0	0.0	0.0	0.0	0.0	0.0	0.0	0.0	0.0	0.0	0.0	0.0	0.0	0.0	0.0	0.0	0.0	0.0	0.0	0.0	0.0
SRR29856095	0.0	1.791759469228055	0.0	0.0	0.0	4.912654885736052	0.6931471805599453	3.7376696182833684	0.0	0.6931471805599453	0.0	0.0	0.0	0.6931471805599453	0.0	1.0986122886681098	0.0	1.0986122886681098	0.0	0.6931471805599453	0.6931471805599453	2.833213344056216	0.0	1.6094379124341003	0.0	0.0	0.0	4.007333185232471	0.0	0.0	0.0	0.0	0.0	0.0	0.0	0.0	0.0	0.6931471805599453	0.0	0.0	4.07753744390572	0.0	0.0	0.0	0.0	1.9459101490553132	0.0	7.10002716662926	0.0	0.0	2.833213344056216	0.0	0.0	0.0	1.0986122886681098	0.0	7.343426229147367	2.4849066497880004	7.341483852363161	0.0	0.0	2.5649493574615367	0.0	2.9444389791664403	0.0	0.0	0.0	0.0	3.6375861597263857	3.258096538021482	1.0986122886681098	0.0	0.6931471805599453	0.0	0.0	0.0	0.0	0.0	0.0	0.0	2.6390573296152584	3.713572066704308	5.4116460518550396	0.0	3.258096538021482	0.6931471805599453	0.0	0.0	5.814130531825066	2.0794415416798357	3.091042453358316	0.0	0.0	0.0	0.0	0.0	0.0	1.0986122886681098	2.4849066497880004	0.0	0.0	0.0	0.0	0.0	0.0	0.6931471805599453	0.0	0.0	0.6931471805599453	1.3862943611198906	3.332204510175204	0.0	0.0	0.0	0.0	0.0	0.0	0.0	0.0	0.0	0.0	2.8903717578961645	0.0	1.0986122886681098	0.0	0.0	0.0	0.0	0.0	2.995732273553991	0.0	0.0	0.0	0.0	2.1972245773362196	1.9459101490553132	0.0	1.6094379124341003	0.0	0.0	1.0986122886681098	0.0	1.0986122886681098	0.0	1.6094379124341003	0.0	0.0	0.0	0.0	0.0	0.0	0.0	0.0	0.0	0.0	3.044522437723423	0.0	0.0	0.0	0.0	0.0	1.6094379124341003	0.0	0.6931471805599453	0.0	0.0	0.0	4.110873864173311	0.0	0.0	0.0	0.0	0.0	0.0	0.0	0.0	5.968707559985366	0.0	0.0	0.6931471805599453	0.0	0.0	3.912023005428146	0.0	0.0	0.0	0.0	0.0	0.0
SRR29856096	0.0	1.9459101490553132	0.0	5.0689042022202315	0.0	5.834810737062605	0.0	1.3862943611198906	0.0	0.0	3.9889840465642745	0.0	0.0	0.0	0.0	4.143134726391533	0.0	0.0	0.0	0.0	0.0	1.0986122886681098	0.0	0.6931471805599453	0.0	0.0	0.0	0.6931471805599453	0.0	0.0	4.6913478822291435	0.0	0.0	1.791759469228055	0.0	0.0	0.0	0.0	0.0	5.988961416889864	0.0	0.0	0.0	0.0	0.0	1.6094379124341003	7.130098510125578	7.280697195384741	0.0	0.0	2.302585092994046	0.0	0.0	0.0	2.6390573296152584	3.970291913552122	0.0	1.9459101490553132	0.0	5.1298987149230735	0.0	1.6094379124341003	4.8283137373023015	6.852242569051878	0.0	3.9318256327243257	0.0	0.0	0.6931471805599453	2.302585092994046	1.3862943611198906	0.0	0.0	0.0	0.0	0.0	0.6931471805599453	2.772588722239781	1.791759469228055	5.529429087511423	0.0	3.9889840465642745	3.4965075614664802	2.6390573296152584	2.995732273553991	0.0	0.6931471805599453	0.0	2.3978952727983707	2.0794415416798357	1.791759469228055	0.0	1.6094379124341003	0.0	0.0	0.0	0.0	0.0	0.0	0.0	0.0	1.0986122886681098	3.1780538303479458	0.0	0.0	0.0	1.3862943611198906	0.0	2.772588722239781	3.6375861597263857	0.0	2.0794415416798357	0.0	0.0	1.0986122886681098	0.0	0.0	0.0	0.0	0.0	0.0	3.6888794541139363	2.9444389791664403	4.912654885736052	0.0	2.772588722239781	0.0	1.0986122886681098	0.0	2.302585092994046	0.0	0.0	0.0	0.0	0.0	0.0	0.0	3.713572066704308	0.0	0.0	0.0	0.0	0.0	0.0	0.6931471805599453	0.0	1.6094379124341003	0.0	0.6931471805599453	3.4011973816621555	0.0	0.0	1.3862943611198906	2.6390573296152584	0.0	0.0	1.6094379124341003	0.0	0.0	0.0	2.3978952727983707	0.0	0.0	0.0	0.0	0.0	3.713572066704308	0.0	2.0794415416798357	0.0	2.0794415416798357	1.9459101490553132	0.0	0.0	0.0	3.1354942159291497	0.0	1.6094379124341003	0.0	0.0	0.6931471805599453	2.3978952727983707	2.1972245773362196	0.0	2.0794415416798357	0.0	1.791759469228055	0.0	0.6931471805599453
SRR29856097	0.0	4.77912349311153	0.0	4.820281565605037	0.0	5.855071922202427	0.6931471805599453	4.290459441148391	0.0	2.302585092994046	2.9444389791664403	0.0	0.0	0.0	0.0	2.70805020110221	0.0	0.0	0.0	1.6094379124341003	2.6390573296152584	3.044522437723423	2.0794415416798357	1.3862943611198906	0.6931471805599453	0.0	2.70805020110221	0.0	0.0	0.0	0.0	3.4965075614664802	0.0	1.791759469228055	0.0	0.0	1.3862943611198906	0.0	0.0	2.9444389791664403	0.0	1.0986122886681098	0.0	0.0	0.0	2.772588722239781	6.990256500493881	7.63433723562832	0.0	1.0986122886681098	3.7612001156935624	0.0	0.0	0.0	0.0	0.0	5.877735781779639	0.0	0.0	0.6931471805599453	0.0	4.624972813284271	0.0	0.0	0.0	0.0	0.0	0.0	2.70805020110221	4.204692619390966	1.0986122886681098	0.0	0.6931471805599453	0.0	0.0	0.0	5.564520407322694	1.6094379124341003	0.0	0.0	0.6931471805599453	1.6094379124341003	0.0	0.0	2.8903717578961645	1.791759469228055	0.0	0.0	3.4657359027997265	3.367295829986474	3.4965075614664802	0.0	0.0	0.0	0.0	0.0	0.0	2.3978952727983707	2.6390573296152584	0.0	1.6094379124341003	0.6931471805599453	0.0	0.0	1.0986122886681098	0.0	1.0986122886681098	0.0	5.081404364984463	5.375278407684165	5.2574953720277815	4.127134385045092	0.0	1.791759469228055	1.0986122886681098	0.0	0.0	2.5649493574615367	1.0986122886681098	0.6931471805599453	0.0	0.0	1.6094379124341003	0.0	0.0	1.9459101490553132	0.0	1.0986122886681098	0.0	1.3862943611198906	0.0	0.0	1.6094379124341003	0.0	2.5649493574615367	0.0	0.0	5.459585514144159	0.0	0.0	0.0	2.0794415416798357	1.3862943611198906	0.0	3.4339872044851463	2.1972245773362196	0.0	0.0	1.3862943611198906	4.882801922586371	0.0	0.0	0.0	0.0	0.0	3.828641396489095	0.0	0.0	0.0	1.0986122886681098	3.784189633918261	0.6931471805599453	1.791759469228055	0.6931471805599453	0.0	0.0	1.0986122886681098	0.0	1.6094379124341003	0.0	0.0	0.0	0.0	0.0	1.9459101490553132	2.3978952727983707	0.0	0.0	0.0	0.0	0.0	0.0	1.791759469228055	1.0986122886681098	2.70805020110221	0.0	1.6094379124341003	0.0	0.0
SRR29856098	0.0	3.7612001156935624	0.0	1.0986122886681098	0.0	3.7612001156935624	0.0	5.159055299214529	1.3862943611198906	1.3862943611198906	4.663439094112067	0.0	0.0	0.0	0.0	5.117993812416755	0.0	0.0	0.0	4.07753744390572	3.332204510175204	7.563719668414366	0.0	3.5263605246161616	0.0	0.0	0.0	6.335054251498059	1.0986122886681098	0.0	0.0	0.0	0.0	0.0	2.1972245773362196	1.0986122886681098	1.0986122886681098	0.0	0.0	1.0986122886681098	0.0	0.0	0.0	0.0	0.0	1.791759469228055	0.6931471805599453	0.6931471805599453	0.0	0.0	6.733401891837359	0.0	0.0	0.0	0.0	0.6931471805599453	2.70805020110221	1.0986122886681098	0.0	0.0	2.1972245773362196	0.0	2.6390573296152584	0.0	0.0	0.0	4.867534450455582	0.0	0.0	3.6635616461296463	3.332204510175204	0.0	1.6094379124341003	0.0	1.0986122886681098	0.0	0.0	0.0	0.0	2.302585092994046	0.0	0.6931471805599453	0.0	0.0	0.6931471805599453	0.0	0.0	0.0	0.0	1.791759469228055	0.0	0.0	0.0	0.0	0.0	0.0	0.0	0.0	5.365976015021851	0.6931471805599453	0.0	0.0	0.0	0.0	0.0	2.6390573296152584	0.0	0.0	2.6390573296152584	0.0	0.0	3.9512437185814275	0.0	0.0	1.791759469228055	0.0	0.0	6.159095388491933	0.0	0.0	0.0	0.0	0.0	0.0	0.0	2.70805020110221	0.0	0.0	4.248495242049359	0.0	1.0986122886681098	0.0	3.7612001156935624	0.0	4.770684624465665	0.0	0.0	4.709530201312334	0.0	0.0	0.0	0.6931471805599453	0.0	0.0	6.171700597410915	1.0986122886681098	0.0	0.0	0.0	2.3978952727983707	0.0	0.0	0.0	0.0	0.0	0.0	0.0	0.0	3.044522437723423	1.0986122886681098	0.0	2.9444389791664403	1.3862943611198906	0.0	0.0	0.0	0.0	0.0	0.0	0.0	0.0	0.6931471805599453	0.0	0.0	0.0	0.0	1.3862943611198906	0.0	0.0	1.3862943611198906	3.871201010907891	0.0	2.9444389791664403	0.0	0.0	0.0	0.0	0.0	0.0
SRR29856099	0.0	3.912023005428146	0.0	0.0	0.0	6.842683282238422	1.9459101490553132	5.4116460518550396	2.3978952727983707	0.0	0.0	0.0	0.0	0.0	0.0	3.332204510175204	0.0	1.791759469228055	0.0	0.0	0.0	2.70805020110221	0.0	7.75190533307861	0.0	0.0	0.0	4.867534450455582	0.0	0.0	0.0	0.0	0.0	0.0	2.1972245773362196	0.0	1.0986122886681098	0.0	0.0	1.0986122886681098	0.0	0.0	0.0	0.0	0.0	2.1972245773362196	0.0	6.028278520230698	0.0	0.0	2.0794415416798357	0.0	0.0	0.0	0.0	0.0	4.624972813284271	0.0	1.0986122886681098	0.0	1.0986122886681098	1.3862943611198906	0.0	1.0986122886681098	0.0	0.0	3.295836866004329	0.0	0.0	2.4849066497880004	0.0	0.0	0.0	0.0	0.0	0.0	0.0	0.0	0.0	0.0	0.0	0.6931471805599453	0.0	0.0	0.0	0.0	0.0	0.0	4.290459441148391	0.0	1.3862943611198906	0.0	0.0	0.0	0.0	0.0	0.0	0.0	0.0	0.0	0.0	0.0	0.0	0.0	0.0	0.0	0.0	0.0	2.4849066497880004	0.0	4.248495242049359	0.0	0.0	0.0	0.0	0.0	0.0	0.0	0.0	0.0	0.0	0.0	3.332204510175204	0.0	0.0	0.0	0.0	2.0794415416798357	0.0	1.0986122886681098	0.0	0.0	3.1354942159291497	0.0	1.0986122886681098	0.0	0.0	0.0	0.0	7.15305163493748	0.0	0.0	0.0	0.0	6.100318952020064	0.0	0.0	0.0	0.0	0.0	0.0	0.0	0.0	0.0	0.0	0.0	0.0	0.0	0.0	0.0	2.772588722239781	1.3862943611198906	0.0	0.0	0.0	0.0	0.0	0.0	0.0	0.0	0.0	0.0	0.0	0.0	0.0	0.0	0.0	0.0	0.0	0.0	0.0	0.0	1.791759469228055	1.0986122886681098	0.0	0.0	0.0	0.0	0.0
SRR29856102	0.0	2.8903717578961645	0.6931471805599453	5.389071729816501	0.0	3.8918202981106265	3.4965075614664802	4.430816798843313	6.124683390894205	1.3862943611198906	3.6888794541139363	0.6931471805599453	0.0	0.0	1.0986122886681098	1.9459101490553132	0.0	0.0	1.6094379124341003	1.3862943611198906	0.6931471805599453	5.420534999272286	2.6390573296152584	1.6094379124341003	0.6931471805599453	5.973809611869261	5.3981627015177525	0.0	1.6094379124341003	0.0	0.6931471805599453	6.077642243349034	0.0	1.0986122886681098	2.772588722239781	0.0	1.6094379124341003	2.0794415416798357	1.791759469228055	4.007333185232471	0.0	0.0	0.6931471805599453	0.0	0.6931471805599453	4.700480365792417	0.0	7.5485559791698735	0.0	0.0	5.517452896464707	0.0	0.0	0.0	0.0	0.6931471805599453	4.844187086458591	1.791759469228055	6.0330862217988015	0.0	1.0986122886681098	1.0986122886681098	0.0	0.0	0.0	0.0	0.6931471805599453	0.0	0.0	4.3694478524670215	0.6931471805599453	2.9444389791664403	0.6931471805599453	1.3862943611198906	0.0	0.0	0.0	0.6931471805599453	0.6931471805599453	0.0	1.791759469228055	1.791759469228055	0.0	0.0	1.791759469228055	0.0	0.0	0.0	4.812184355372417	1.6094379124341003	2.0794415416798357	0.6931471805599453	1.791759469228055	0.6931471805599453	0.0	0.0	0.0	2.6390573296152584	2.9444389791664403	0.0	0.0	1.791759469228055	0.0	2.8903717578961645	2.9444389791664403	0.0	2.4849066497880004	0.0	0.0	1.6094379124341003	4.795790545596741	3.295836866004329	4.61512051684126	0.6931471805599453	0.0	0.0	0.0	0.0	0.0	0.0	0.0	0.0	1.0986122886681098	0.0	0.0	0.0	0.0	0.6931471805599453	0.0	2.4849066497880004	0.0	0.0	2.772588722239781	0.0	2.5649493574615367	0.0	0.0	0.0	0.6931471805599453	2.1972245773362196	3.367295829986474	1.0986122886681098	0.6931471805599453	0.0	4.31748811353631	2.995732273553991	0.0	3.4339872044851463	0.0	3.258096538021482	0.0	0.0	0.0	0.0	2.8903717578961645	2.3978952727983707	0.0	0.0	0.0	2.70805020110221	4.219507705176107	1.0986122886681098	0.0	2.772588722239781	0.0	0.0	0.0	0.0	0.0	0.0	0.6931471805599453	0.0	0.0	0.0	0.0	1.0986122886681098	0.0	0.0	0.0	1.6094379124341003	4.143134726391533	0.0	2.70805020110221	0.0	1.3862943611198906	0.0	0.0	0.6931471805599453	0.0
